Date, Close,Volume
"Jun 3 2016",35.05,21615511
"Jun 2 2016",34.90,21123986
"Jun 1 2016",34.70,27486169
"May 31 2016",34.75,61443518
"May 30 2016",33.95,27023664
"May 27 2016",33.70,25812846
"May 26 2016",33.45,17969400
"May 25 2016",33.55,31365524
"May 24 2016",32.90,20419110
"May 23 2016",33.10,22232446
"May 20 2016",33.35,24373780
"May 19 2016",33.25,29296424
"May 18 2016",33.50,18622228
"May 17 2016",33.95,23030754
"May 16 2016",33.55,25869049
"May 13 2016",33.65,47436918
"May 12 2016",34.05,27770934
"May 11 2016",34.30,34117719
"May 10 2016",34.75,24991471
"May 9 2016",34.50,27429897
"May 6 2016",34.55,48218711
"May 5 2016",35.45,25779779
"May 4 2016",36.00,33444123
"May 3 2016",35.70,31263653
"Apr 29 2016",36.65,20135360
"Apr 28 2016",37.00,26450800
"Apr 27 2016",37.35,22249857
"Apr 26 2016",37.00,27705326
"Apr 25 2016",36.80,23112300
"Apr 22 2016",37.40,21517228
"Apr 21 2016",37.70,33949191
"Apr 20 2016",37.40,32363624
"Apr 19 2016",37.90,28512432
"Apr 18 2016",37.45,29944326
"Apr 15 2016",37.85,30978503
"Apr 14 2016",38.30,63304634
"Apr 13 2016",37.50,73643278
"Apr 12 2016",35.35,15475586
"Apr 11 2016",35.45,16738732
"Apr 8 2016",35.10,25261605
"Apr 7 2016",35.00,34002066
"Apr 6 2016",35.30,19394317
"Apr 5 2016",35.45,33011907
"Apr 1 2016",36.05,31484768
"Mar 31 2016",37.15,23689632
"Mar 30 2016",37.15,29351712
"Mar 29 2016",36.55,27449626
"Mar 24 2016",36.35,38409446
"Mar 23 2016",37.25,34999255
"Mar 22 2016",37.40,23090352
"Mar 21 2016",37.45,50546231
"Mar 18 2016",36.90,59687551
"Mar 17 2016",36.10,57556149
"Mar 16 2016",35.35,40532427
"Mar 15 2016",34.95,23920620
"Mar 14 2016",35.20,35575776
"Mar 11 2016",34.75,35456155
"Mar 10 2016",34.70,17743026
"Mar 9 2016",34.80,19352233
"Mar 8 2016",34.90,27361883
"Mar 7 2016",35.65,43301343
"Mar 4 2016",35.70,51349059
"Mar 3 2016",34.60,35558724
"Mar 2 2016",34.60,53690702
"Mar 1 2016",33.20,36108686
"Feb 29 2016",33.00,22013943
"Feb 26 2016",33.40,24961247
"Feb 25 2016",32.30,30205483
"Feb 24 2016",33.35,28170068
"Feb 23 2016",34.10,27781205
"Feb 22 2016",34.40,26960185
"Feb 19 2016",33.75,25693183
"Feb 18 2016",34.15,45179288
"Feb 17 2016",32.85,38509401
"Feb 16 2016",33.65,43497409
"Feb 15 2016",32.65,53927103
"Feb 12 2016",30.60,57333287
"Feb 11 2016",31.95,55576329
"Feb 5 2016",33.80,22666571
"Feb 4 2016",33.30,31907050
"Feb 3 2016",33.05,56072619
"Feb 2 2016",34.10,26498651
"Feb 1 2016",34.25,38681086
"Jan 29 2016",35.05,46855547
"Jan 28 2016",34.20,34371122
"Jan 27 2016",33.80,54783064
"Jan 26 2016",33.95,44828274
"Jan 25 2016",35.10,27927965
"Jan 22 2016",34.70,54035830
"Jan 21 2016",33.55,67450697
"Jan 20 2016",35.05,61650073
"Jan 19 2016",36.55,45020678
"Jan 18 2016",34.60,34274001
"Jan 15 2016",35.10,41228385
"Jan 14 2016",36.30,46651390
"Jan 13 2016",36.15,41216282
"Jan 12 2016",35.65,52476338
"Jan 11 2016",36.35,52673127
"Jan 8 2016",38.05,58023171
"Jan 7 2016",38.00,74388997
"Jan 6 2016",40.00,34880806
"Jan 5 2016",40.35,48037712
"Jan 4 2016",40.85,45114145
"Dec 31 2015",42.90,8074334
"Dec 30 2015",43.00,22885686
"Dec 29 2015",43.80,7763976
"Dec 28 2015",43.60,14454249
"Dec 24 2015",44.20,6997244
"Dec 23 2015",44.05,18559539
"Dec 22 2015",43.50,15733463
"Dec 21 2015",43.40,20766343
"Dec 18 2015",42.55,21983903
"Dec 17 2015",42.60,23758726
"Dec 16 2015",42.20,20772559
"Dec 15 2015",41.55,27638382
"Dec 14 2015",41.25,47138690
"Dec 11 2015",41.00,43098639
"Dec 10 2015",42.30,25108060
"Dec 9 2015",42.70,20090382
"Dec 8 2015",43.25,29225522
"Dec 7 2015",43.90,16768278
"Dec 4 2015",43.80,24765135
"Dec 3 2015",44.25,24376086
"Dec 2 2015",44.25,42380217
"Dec 1 2015",43.30,29845668
"Nov 30 2015",42.40,57558485
"Nov 27 2015",43.30,47931574
"Nov 26 2015",44.30,15489345
"Nov 25 2015",44.30,20938886
"Nov 24 2015",44.55,17094544
"Nov 23 2015",44.65,16137536
"Nov 20 2015",44.75,24055564
"Nov 19 2015",44.20,28667306
"Nov 18 2015",43.95,21948944
"Nov 17 2015",44.15,31534383
"Nov 16 2015",43.65,40386187
"Nov 13 2015",44.50,37214985
"Nov 12 2015",45.35,28050233
"Nov 11 2015",44.85,24111112
"Nov 10 2015",45.25,34407052
"Nov 9 2015",45.80,37755108
"Nov 6 2015",45.65,27830814
"Nov 5 2015",45.40,78603408
"Nov 4 2015",44.15,69582355
"Nov 3 2015",42.95,26622688
"Nov 2 2015",43.20,32607771
"Oct 30 2015",43.70,35167099
"Oct 29 2015",43.55,43523499
"Oct 28 2015",44.05,37766342
"Oct 27 2015",44.35,34251788
"Oct 26 2015",43.95,46919744
"Oct 23 2015",43.85,27282575
"Oct 22 2015",43.45,21226159
"Oct 20 2015",43.55,18255521
"Oct 19 2015",43.45,18213735
"Oct 16 2015",43.25,36657410
"Oct 15 2015",42.65,37394323
"Oct 14 2015",41.75,25471216
"Oct 13 2015",42.10,24824722
"Oct 12 2015",42.55,30175172
"Oct 9 2015",42.25,45519117
"Oct 8 2015",42.50,71744253
"Oct 7 2015",43.20,72880870
"Oct 6 2015",41.50,31878583
"Oct 5 2015",41.35,39965332
"Oct 2 2015",40.05,47974061
"Sep 30 2015",38.40,34268883
"Sep 29 2015",38.00,42987647
"Sep 25 2015",39.05,26685475
"Sep 24 2015",38.75,26705964
"Sep 23 2015",39.35,51546965
"Sep 22 2015",39.95,28498872
"Sep 21 2015",40.05,21356784
"Sep 18 2015",40.35,43351495
"Sep 17 2015",39.45,52274154
"Sep 16 2015",38.85,57540758
"Sep 15 2015",38.10,19621392
"Sep 14 2015",38.25,24706940
"Sep 11 2015",38.25,35903130
"Sep 10 2015",38.40,32994326
"Sep 9 2015",38.75,86049241
"Sep 8 2015",37.50,56506848
"Sep 7 2015",35.55,45342291
"Sep 4 2015",35.65,52789569
"Sep 2 2015",36.65,54643040
"Sep 1 2015",37.25,47861381
"Aug 31 2015",37.95,73153184
"Aug 28 2015",37.60,73609718
"Aug 27 2015",38.05,109994831
"Aug 26 2015",35.90,81436947
"Aug 25 2015",36.50,112783584
"Aug 24 2015",35.70,107031162
"Aug 21 2015",38.80,55653806
"Aug 20 2015",39.55,49219276
"Aug 19 2015",40.30,54525478
"Aug 18 2015",41.50,37295540
"Aug 17 2015",42.75,28702393
"Aug 14 2015",43.20,22445207
"Aug 13 2015",43.40,34884256
"Aug 12 2015",43.45,47670661
"Aug 11 2015",44.50,39716203
"Aug 10 2015",44.45,30197377
"Aug 7 2015",44.00,36875351
"Aug 6 2015",43.25,28333748
"Aug 5 2015",43.85,31438685
"Aug 4 2015",44.20,34847802
"Aug 3 2015",43.40,46449663
"Jul 31 2015",44.55,40338576
"Jul 30 2015",44.85,35540137
"Jul 29 2015",45.45,56407973
"Jul 28 2015",45.90,79646120
"Jul 27 2015",47.15,46982320
"Jul 24 2015",48.52,37187318
"Jul 23 2015",49.18,46364034
"Jul 22 2015",48.30,34298026
"Jul 21 2015",48.60,32393634
"Jul 20 2015",48.05,37876790
"Jul 17 2015",48.55,50321392
"Jul 16 2015",47.68,27365102
"Jul 15 2015",46.90,53778672
"Jul 14 2015",47.68,60261822
"Jul 13 2015",48.75,75622426
"Jul 10 2015",48.00,124509952
"Jul 9 2015",45.65,145277724
"Jul 8 2015",42.82,169344538
"Jul 7 2015",45.65,143418562
"Jul 6 2015",47.50,144254272
"Jul 3 2015",49.50,80290402
"Jul 2 2015",51.00,67005030
"Jun 30 2015",52.20,78513720
"Jun 29 2015",51.20,109395242
"Jun 26 2015",53.20,74208460
"Jun 25 2015",55.20,37249184
"Jun 24 2015",55.90,31594018
"Jun 23 2015",55.50,51475806
"Jun 22 2015",54.60,34366788
"Jun 19 2015",53.80,60913574
"Jun 18 2015",55.00,27459542
"Jun 17 2015",55.40,32438842
"Jun 16 2015",54.80,33999740
"Jun 15 2015",55.70,23583808
"Jun 12 2015",57.50,42245090
"Jun 11 2015",55.90,35999986
"Jun 10 2015",54.80,41235222
"Jun 9 2015",55.40,36433078
"Jun 8 2015",57.20,43787648
"Jun 5 2015",55.50,41478244
"Jun 4 2015",56.60,48448344
"Jun 3 2015",56.30,33905376
"Jun 2 2015",57.30,35398160
"Jun 1 2015",58.40,51982704
"May 29 2015",57.00,67394254
"May 28 2015",58.20,87845616
"May 27 2015",60.80,40697022
"May 26 2015",61.20,75907466
"May 22 2015",59.60,61437294
"May 21 2015",56.50,32298146
"May 20 2015",56.20,44253876
"May 19 2015",55.80,41536042
"May 18 2015",54.60,35280866
"May 15 2015",55.20,43670780
"May 14 2015",54.10,26719060
"May 13 2015",54.20,42848380
"May 12 2015",55.50,36619008
"May 11 2015",55.80,41693626
"May 8 2015",55.40,57025754
"May 7 2015",54.00,50222060
"May 6 2015",54.40,82001552
"May 5 2015",53.60,54719426
"May 4 2015",55.10,44388548
"Apr 30 2015",55.90,59792010
"Apr 29 2015",55.00,55624944
"Apr 28 2015",55.60,51009482
"Apr 27 2015",54.80,58908142
"Apr 24 2015",55.20,63191010
"Apr 23 2015",54.40,51970264
"Apr 22 2015",56.10,63155720
"Apr 21 2015",54.70,57306332
"Apr 20 2015",52.40,66642752
"Apr 17 2015",54.40,57027298
"Apr 16 2015",54.80,72012324
"Apr 15 2015",53.20,81261586
"Apr 14 2015",52.10,73061146
"Apr 13 2015",53.60,96110460
"Apr 10 2015",52.00,106815694
"Apr 9 2015",49.12,118391328
"Apr 8 2015",48.55,95875704
"Apr 2 2015",46.58,55098968
"Apr 1 2015",47.22,49112980
"Mar 31 2015",46.72,59534852
"Mar 30 2015",46.58,64678048
"Mar 27 2015",45.65,28598664
"Mar 26 2015",45.40,43076032
"Mar 25 2015",45.48,35391896
"Mar 24 2015",45.50,56634542
"Mar 23 2015",46.70,48779548
"Mar 20 2015",46.08,107391552
"Mar 19 2015",44.20,54142826
"Mar 18 2015",43.80,65879166
"Mar 17 2015",43.40,54259892
"Mar 16 2015",43.20,48974192
"Mar 13 2015",41.90,33009316
"Mar 12 2015",41.52,28552236
"Mar 11 2015",40.98,31335110
"Mar 10 2015",41.00,42627352
"Mar 9 2015",41.92,35510666
"Mar 6 2015",41.18,24015554
"Mar 5 2015",41.08,44790086
"Mar 4 2015",41.80,40548524
"Mar 3 2015",42.45,42734334
"Mar 2 2015",43.32,55270942
"Feb 27 2015",43.05,41479904
"Feb 26 2015",43.20,42260510
"Feb 25 2015",42.60,30055740
"Feb 24 2015",42.78,21073336
"Feb 23 2015",42.58,24946456
"Feb 18 2015",42.95,11497152
"Feb 17 2015",42.92,18633926
"Feb 16 2015",42.92,30496124
"Feb 13 2015",42.78,38809042
"Feb 12 2015",41.52,31248324
"Feb 11 2015",41.30,25432760
"Feb 10 2015",41.08,22979292
"Feb 9 2015",40.88,30075162
"Feb 6 2015",40.90,39129144
"Feb 5 2015",41.50,55399388
"Feb 4 2015",41.48,37364388
"Feb 3 2015",41.70,51786346
"Feb 2 2015",40.62,52051184
"Jan 30 2015",41.22,34235752
"Jan 29 2015",41.50,58649952
"Jan 28 2015",42.42,42199022
"Jan 27 2015",42.90,48745536
"Jan 26 2015",43.75,36799398
"Jan 23 2015",43.48,64706138
"Jan 22 2015",42.65,58842264
"Jan 21 2015",43.28,67617452
"Jan 20 2015",41.82,90891092
"Jan 19 2015",40.55,158017454
"Jan 16 2015",44.28,123071060
"Jan 15 2015",43.40,91616648
"Jan 14 2015",41.60,54127536
"Jan 13 2015",41.55,44744980
"Jan 12 2015",41.28,68046890
"Jan 9 2015",41.58,111638204
"Jan 8 2015",40.98,73763956
"Jan 7 2015",40.18,66641442
"Jan 6 2015",40.05,74353340
"Jan 5 2015",41.10,79182312
"Jan 2 2015",41.55,84018150
"Dec 31 2014",39.50,28536182
"Dec 30 2014",39.40,55877600
"Dec 29 2014",39.58,116637422
"Dec 24 2014",36.78,32302270
"Dec 23 2014",37.95,60684762
"Dec 22 2014",38.50,81847782
"Dec 19 2014",37.22,97063840
"Dec 18 2014",37.08,81733320
"Dec 17 2014",36.65,64097130
"Dec 16 2014",36.82,80099024
"Dec 15 2014",36.22,65967874
"Dec 12 2014",37.00,76993790
"Dec 11 2014",36.80,154341682
"Dec 10 2014",36.50,119765720
"Dec 9 2014",35.70,156270278
"Dec 8 2014",38.12,170773412
"Dec 5 2014",36.50,156685526
"Dec 4 2014",36.52,162157496
"Dec 3 2014",35.28,220269870
"Dec 2 2014",34.40,199580176
"Dec 1 2014",32.40,224344600
"Nov 28 2014",32.48,54811054
"Nov 27 2014",32.08,88218976
"Nov 26 2014",32.00,100788806
"Nov 25 2014",30.78,34590958
"Nov 24 2014",30.95,95792218
"Nov 21 2014",29.40,28930514
"Nov 20 2014",29.08,42399978
"Nov 19 2014",29.45,21504796
"Nov 18 2014",29.42,33324238
"Nov 17 2014",29.98,29243168
"Nov 14 2014",30.40,33930988
"Nov 13 2014",30.30,40759774
"Nov 12 2014",29.62,68064736
"Nov 11 2014",30.08,36560554
"Nov 10 2014",29.90,83868470
"Nov 6 2014",30.72,16425208
"Nov 5 2014",30.92,26704994
"Nov 4 2014",31.38,21012246
"Nov 3 2014",31.40,18148186
"Oct 31 2014",31.68,36602718
"Oct 30 2014",31.00,31290442
"Oct 29 2014",31.32,57980300
"Oct 28 2014",30.45,34025788
"Oct 27 2014",29.55,13151182
"Oct 24 2014",29.72,17806778
"Oct 23 2014",29.85,13308500
"Oct 22 2014",29.72,20344506
"Oct 21 2014",29.50,14557804
"Oct 20 2014",29.48,14764066
"Oct 17 2014",29.40,25270128
"Oct 16 2014",29.10,17881700
"Oct 15 2014",29.25,18397978
"Oct 14 2014",29.22,15300002
"Oct 13 2014",29.35,23661646
"Oct 10 2014",29.42,17170296
"Oct 9 2014",29.95,20333398
"Oct 8 2014",29.55,18177694
"Oct 7 2014",29.58,15991616
"Oct 6 2014",29.52,20035146
"Oct 3 2014",29.50,37862990
"Sep 30 2014",29.20,22705922
"Sep 29 2014",29.62,32777492
"Sep 26 2014",29.82,43229758
"Sep 25 2014",30.20,25830278
"Sep 24 2014",30.35,28225236
"Sep 23 2014",30.12,27446574
"Sep 22 2014",30.35,22583888
"Sep 19 2014",30.95,32648664
"Sep 18 2014",31.00,25710238
"Sep 17 2014",31.42,24153718
"Sep 16 2014",31.12,19949900
"Sep 15 2014",31.42,27480750
"Sep 12 2014",31.98,17936006
"Sep 11 2014",31.92,28815632
"Sep 10 2014",32.15,31652856
"Sep 8 2014",32.92,20233916
"Sep 5 2014",33.10,29929578
"Sep 4 2014",33.12,34804414
"Sep 3 2014",32.60,31109446
"Sep 2 2014",31.55,19993976
"Sep 1 2014",31.40,20621054
"Aug 29 2014",31.55,28749480
"Aug 28 2014",31.85,26821912
"Aug 27 2014",32.28,17420932
"Aug 26 2014",32.65,17296284
"Aug 25 2014",32.72,22676804
"Aug 22 2014",32.88,33860952
"Aug 21 2014",32.25,43395058
"Aug 20 2014",32.68,32515078
"Aug 19 2014",32.92,22574264
"Aug 18 2014",33.05,18465512
"Aug 15 2014",33.10,16925634
"Aug 14 2014",32.98,24930360
"Aug 13 2014",33.18,21996964
"Aug 12 2014",32.68,24323118
"Aug 11 2014",32.98,22368232
"Aug 8 2014",32.18,18371166
"Aug 7 2014",32.35,17069016
"Aug 6 2014",32.75,20672910
"Aug 5 2014",32.98,21576716
"Aug 4 2014",33.22,29444200
"Aug 1 2014",32.68,45694544
"Jul 31 2014",33.22,28977836
"Jul 30 2014",33.20,54030350
"Jul 29 2014",33.18,47161012
"Jul 28 2014",32.58,37116226
"Jul 25 2014",32.18,39060226
"Jul 24 2014",32.10,84624046
"Jul 23 2014",30.92,52630528
"Jul 22 2014",29.85,26978326
"Jul 21 2014",29.15,12397770
"Jul 18 2014",29.30,14983194
"Jul 17 2014",29.50,12520570
"Jul 16 2014",29.50,23911462
"Jul 15 2014",29.75,15308954
"Jul 14 2014",29.70,11666120
"Jul 11 2014",29.45,17607664
"Jul 10 2014",29.55,35422478
"Jul 9 2014",30.02,19806098
"Jul 8 2014",30.48,18131318
"Jul 7 2014",30.48,16849032
"Jul 4 2014",30.38,17830304
"Jul 3 2014",30.60,14444982
"Jul 2 2014",30.40,21198432
"Jun 30 2014",29.98,20326568
"Jun 27 2014",29.80,17183462
"Jun 26 2014",30.12,14969076
"Jun 25 2014",29.85,29820150
"Jun 24 2014",30.35,17322698
"Jun 23 2014",30.12,33959974
"Jun 20 2014",30.80,23010988
"Jun 19 2014",30.68,23171170
"Jun 18 2014",31.02,32104508
"Jun 17 2014",30.75,29322874
"Jun 16 2014",30.98,24895582
"Jun 13 2014",30.82,31211176
"Jun 12 2014",30.72,21294764
"Jun 11 2014",30.52,28365630
"Jun 10 2014",30.30,18690302
"Jun 9 2014",30.02,14034136
"Jun 6 2014",30.05,14466222
"Jun 5 2014",30.20,16778030
"Jun 4 2014",29.95,22842006
"Jun 3 2014",30.28,27612578
"May 30 2014",29.92,37210540
"May 29 2014",29.48,36565306
"May 28 2014",29.38,31281042
"May 27 2014",29.12,10986968
"May 26 2014",29.25,12674304
"May 23 2014",29.05,16070886
"May 22 2014",29.00,40911324
"May 21 2014",28.35,21870892
"May 20 2014",28.20,21249612
"May 19 2014",28.32,21264714
"May 16 2014",28.70,20096564
"May 15 2014",28.72,22553800
"May 14 2014",28.80,36865144
"May 13 2014",28.62,27532382
"May 12 2014",28.58,35941042
"May 9 2014",28.15,26383362
"May 8 2014",28.12,34074522
"May 7 2014",28.30,35990048
"May 5 2014",28.60,19653340
"May 2 2014",28.85,18389226
"Apr 30 2014",28.62,40543300
"Apr 29 2014",29.25,33094870
"Apr 28 2014",28.75,30530096
"Apr 25 2014",29.22,27018332
"Apr 24 2014",29.42,22316134
"Apr 23 2014",29.48,31187738
"Apr 22 2014",29.90,20329620
"Apr 17 2014",30.05,21297252
"Apr 16 2014",30.10,33161212
"Apr 15 2014",30.42,21341400
"Apr 14 2014",30.75,29954226
"Apr 11 2014",30.72,101684944
"Apr 10 2014",32.30,60807378
"Apr 9 2014",33.28,25454930
"Apr 8 2014",33.18,34568078
"Apr 7 2014",32.62,15363684
"Apr 4 2014",32.70,15428736
"Apr 3 2014",32.72,30193924
"Apr 2 2014",32.28,22043118
"Apr 1 2014",32.42,28767832
"Mar 31 2014",32.15,23796192
"Mar 28 2014",32.12,32791256
"Mar 27 2014",31.80,32350446
"Mar 26 2014",31.60,33595456
"Mar 25 2014",30.90,19024880
"Mar 24 2014",31.20,41200372
"Mar 21 2014",30.20,33941706
"Mar 20 2014",29.90,20658280
"Mar 19 2014",30.40,28139504
"Mar 18 2014",29.98,20593720
"Mar 17 2014",29.85,35522328
"Mar 14 2014",30.22,37723752
"Mar 13 2014",30.58,31773364
"Mar 12 2014",30.28,30017948
"Mar 11 2014",30.50,17164398
"Mar 10 2014",30.70,23467284
"Mar 7 2014",31.25,21242852
"Mar 6 2014",31.05,20852380
"Mar 5 2014",30.88,25118478
"Mar 4 2014",31.12,13691124
"Mar 3 2014",30.92,24753618
"Feb 28 2014",31.52,23792812
"Feb 27 2014",31.80,29456060
"Feb 26 2014",31.30,25503478
"Feb 25 2014",31.20,22830850
"Feb 24 2014",31.72,19519294
"Feb 21 2014",32.12,13194538
"Feb 20 2014",32.20,27567342
"Feb 19 2014",33.00,14362394
"Feb 18 2014",33.15,17980930
"Feb 17 2014",33.25,41292818
"Feb 14 2014",32.00,16733666
"Feb 13 2014",31.88,19337264
"Feb 12 2014",32.20,45396192
"Feb 11 2014",31.82,50686816
"Feb 10 2014",30.20,28378672
"Feb 7 2014",30.40,24195478
"Feb 6 2014",30.18,33180554
"Feb 5 2014",30.08,37698570
"Feb 4 2014",30.40,48656624
"Jan 30 2014",31.42,26647698
"Jan 29 2014",32.20,40385814
"Jan 28 2014",31.58,54000726
"Jan 27 2014",31.60,51592618
"Jan 24 2014",33.00,35075274
"Jan 23 2014",33.38,29466546
"Jan 22 2014",33.80,22860378
"Jan 21 2014",33.75,28752118
"Jan 20 2014",33.48,33656244
"Jan 17 2014",34.38,30300286
"Jan 16 2014",34.40,27486486
"Jan 15 2014",34.32,20595126
"Jan 14 2014",33.88,24991592
"Jan 13 2014",33.62,12369722
"Jan 10 2014",33.55,18544128
"Jan 9 2014",33.55,30815846
"Jan 8 2014",34.05,33614164
"Jan 7 2014",32.98,27210380
"Jan 6 2014",33.38,20137104
"Jan 3 2014",33.65,26016188
"Jan 2 2014",34.25,20240744
"Dec 31 2013",34.82,15499594
"Dec 30 2013",34.80,18775710
"Dec 27 2013",34.90,24756990
"Dec 24 2013",34.98,20259192
"Dec 23 2013",34.15,36173718
"Dec 20 2013",33.62,91942006
"Dec 19 2013",35.25,38281958
"Dec 18 2013",36.22,26223360
"Dec 17 2013",35.45,27140232
"Dec 16 2013",35.52,28798272
"Dec 13 2013",36.40,35312896
"Dec 12 2013",36.32,31201368
"Dec 11 2013",36.40,45962150
"Dec 10 2013",37.82,18373046
"Dec 9 2013",37.98,27506408
"Dec 6 2013",37.15,23297036
"Dec 5 2013",37.52,20077330
"Dec 4 2013",37.55,35161368
"Dec 3 2013",37.12,27448454
"Dec 2 2013",37.68,50586538
"Nov 29 2013",36.12,19834806
"Nov 28 2013",35.80,26976396
"Nov 27 2013",36.28,23867548
"Nov 26 2013",36.00,28376946
"Nov 25 2013",36.08,39457026
"Nov 22 2013",36.58,74351132
"Nov 21 2013",35.55,45707394
"Nov 20 2013",35.70,50373700
"Nov 19 2013",34.95,102544802
"Nov 18 2013",34.75,150155138
"Nov 15 2013",31.72,44123256
"Nov 14 2013",30.68,16722338
"Nov 13 2013",30.40,31521284
"Nov 12 2013",31.10,19243356
"Nov 11 2013",31.25,25313580
"Nov 8 2013",30.48,23080568
"Nov 7 2013",30.42,14975288
"Nov 6 2013",30.62,20539740
"Nov 5 2013",30.52,18843176
"Nov 4 2013",30.68,21251590
"Nov 1 2013",30.72,22464706
"Oct 31 2013",30.52,46034838
"Oct 30 2013",30.38,71200086
"Oct 29 2013",29.25,27514402
"Oct 28 2013",28.98,33041228
"Oct 25 2013",28.48,26068382
"Oct 24 2013",28.72,21578820
"Oct 23 2013",28.95,33577988
"Oct 22 2013",29.08,11523208
"Oct 21 2013",29.30,11915066
"Oct 18 2013",29.28,10291514
"Oct 17 2013",29.05,14261778
"Oct 16 2013",29.35,14484376
"Oct 15 2013",29.50,16844358
"Oct 11 2013",29.08,19982396
"Oct 10 2013",28.60,22481414
"Oct 9 2013",28.90,14982628
"Oct 8 2013",29.40,17417268
"Oct 7 2013",29.22,13285180
"Oct 4 2013",29.50,12771980
"Oct 3 2013",29.45,15901432
"Oct 2 2013",28.92,17220822
"Sep 30 2013",28.82,21135788
"Sep 27 2013",29.38,20161282
"Sep 26 2013",29.20,24499018
"Sep 25 2013",29.42,22690104
"Sep 24 2013",29.80,23954040
"Sep 23 2013",30.28,14856186
"Sep 19 2013",30.45,26207658
"Sep 18 2013",29.85,13234800
"Sep 17 2013",30.02,18027646
"Sep 16 2013",30.20,25991280
"Sep 13 2013",29.78,23054456
"Sep 12 2013",29.90,23353034
"Sep 11 2013",29.80,33163680
"Sep 10 2013",29.82,37447736
"Sep 9 2013",29.42,48728674
"Sep 6 2013",28.70,20877660
"Sep 5 2013",28.75,28004842
"Sep 4 2013",28.50,26593534
"Sep 3 2013",28.48,41807604
"Sep 2 2013",28.08,48357936
"Aug 30 2013",27.18,55187018
"Aug 29 2013",26.92,22477076
"Aug 28 2013",26.60,35003380
"Aug 27 2013",27.15,30098706
"Aug 26 2013",27.18,21034414
"Aug 23 2013",26.80,24517948
"Aug 22 2013",26.65,33509052
"Aug 21 2013",26.68,14282514
"Aug 20 2013",26.55,24654582
"Aug 19 2013",27.30,15680294
"Aug 16 2013",27.48,36975818
"Aug 15 2013",27.40,45130162
"Aug 13 2013",27.20,79857320
"Aug 12 2013",26.58,87769992
"Aug 9 2013",24.78,15814232
"Aug 8 2013",24.78,13246440
"Aug 7 2013",24.60,21166808
"Aug 6 2013",25.05,24076944
"Aug 5 2013",25.05,17187580
"Aug 2 2013",25.32,20682558
"Aug 1 2013",25.12,20687958
"Jul 31 2013",25.10,17406100
"Jul 30 2013",25.02,10956846
"Jul 29 2013",24.90,18364026
"Jul 26 2013",25.18,18959964
"Jul 25 2013",25.15,17392410
"Jul 24 2013",25.48,23470890
"Jul 23 2013",25.80,46168774
"Jul 22 2013",24.92,24448032
"Jul 19 2013",24.90,29972756
"Jul 18 2013",25.18,15349724
"Jul 17 2013",25.30,19412650
"Jul 16 2013",25.38,13787608
"Jul 15 2013",25.48,13688398
"Jul 12 2013",25.62,23897022
"Jul 11 2013",26.20,44221040
"Jul 10 2013",25.10,33212502
"Jul 9 2013",24.42,18546190
"Jul 8 2013",24.52,27931828
"Jul 5 2013",24.95,43964192
"Jul 4 2013",24.80,36239926
"Jul 3 2013",24.92,59145456
"Jul 2 2013",25.72,27960188
"Jun 28 2013",26.10,30967530
"Jun 27 2013",25.30,31330070
"Jun 26 2013",25.60,55069128
"Jun 25 2013",25.15,54592886
"Jun 24 2013",25.80,44156362
"Jun 21 2013",26.55,60118616
"Jun 20 2013",26.80,40915948
"Jun 19 2013",27.50,20385404
"Jun 18 2013",27.65,20905146
"Jun 17 2013",27.70,15921636
"Jun 14 2013",27.50,24854802
"Jun 13 2013",27.60,51149680
"Jun 11 2013",28.22,22898452
"Jun 10 2013",28.35,21590444
"Jun 7 2013",28.42,25621104
"Jun 6 2013",28.55,16989806
"Jun 5 2013",28.80,14002738
"Jun 4 2013",28.98,18169212
"Jun 3 2013",28.92,15076170
"May 31 2013",28.92,23718216
"May 30 2013",29.12,29782212
"May 29 2013",29.38,28773064
"May 28 2013",30.00,21286004
"May 27 2013",29.52,9592560
"May 24 2013",29.32,20489796
"May 23 2013",29.50,35177954
"May 22 2013",30.50,19687124
"May 21 2013",30.40,15676266
"May 20 2013",30.60,21924480
"May 16 2013",29.98,22647174
"May 15 2013",30.25,14752352
"May 14 2013",30.18,24293886
"May 13 2013",30.48,35764832
"May 10 2013",31.80,13871388
"May 9 2013",31.70,20833534
"May 8 2013",32.08,28514004
"May 7 2013",31.65,23509714
"May 6 2013",31.25,19453812
"May 3 2013",30.80,28004290
"May 2 2013",30.60,24506558
"Apr 30 2013",30.70,35323294
"Apr 29 2013",29.95,15878764
"Apr 26 2013",30.10,20510770
"Apr 25 2013",29.80,22263940
"Apr 24 2013",29.82,19234128
"Apr 23 2013",29.30,28509988
"Apr 22 2013",29.80,14941128
"Apr 19 2013",30.02,34320800
"Apr 18 2013",28.98,22991810
"Apr 17 2013",28.90,24544896
"Apr 16 2013",29.18,24949412
"Apr 15 2013",29.18,19554874
"Apr 12 2013",29.65,15362006
"Apr 11 2013",29.90,22526724
"Apr 10 2013",29.80,21213092
"Apr 9 2013",29.42,31163412
"Apr 8 2013",28.58,29725640
"Apr 5 2013",28.95,29578564
"Apr 3 2013",29.85,15888650
"Apr 2 2013",29.88,17136528
"Mar 28 2013",30.10,21307084
"Mar 27 2013",30.25,23952610
"Mar 26 2013",30.00,19852298
"Mar 25 2013",30.20,13143088
"Mar 22 2013",30.20,13395924
"Mar 21 2013",30.35,22699140
"Mar 20 2013",30.22,23443988
"Mar 19 2013",29.75,43687834
"Mar 18 2013",30.22,26110358
"Mar 15 2013",30.60,48465998
"Mar 14 2013",30.95,45009276
"Mar 13 2013",31.10,38859890
"Mar 12 2013",31.60,36676794
"Mar 11 2013",32.25,20115948
"Mar 8 2013",32.75,24114102
"Mar 7 2013",32.28,22025292
"Mar 6 2013",32.12,39823096
"Mar 5 2013",31.38,23766732
"Mar 4 2013",31.48,27153308
"Mar 1 2013",32.08,18699818
"Feb 28 2013",32.50,34466534
"Feb 27 2013",31.92,24121716
"Feb 26 2013",31.92,23052896
"Feb 25 2013",32.15,17904098
"Feb 22 2013",32.25,22703226
"Feb 21 2013",32.48,38615904
"Feb 20 2013",33.00,19776690
"Feb 19 2013",32.90,29243164
"Feb 18 2013",33.60,20231594
"Feb 15 2013",34.02,18147822
"Feb 14 2013",34.10,21626550
"Feb 8 2013",33.68,41078324
"Feb 7 2013",33.52,30077350
"Feb 6 2013",33.75,33065124
"Feb 5 2013",33.62,58309448
"Feb 4 2013",34.45,2060114302
"Feb 1 2013",35.40,26376616
"Jan 31 2013",34.82,19005272
"Jan 30 2013",34.98,27403926
"Jan 29 2013",34.38,16167876
"Jan 28 2013",34.60,16101876
"Jan 25 2013",34.32,19350816
"Jan 24 2013",34.80,19368078
"Jan 23 2013",35.02,16477650
"Jan 22 2013",35.28,24125330
"Jan 21 2013",34.85,12082258
"Jan 18 2013",34.90,23595878
"Jan 17 2013",34.25,15419158
"Jan 16 2013",34.40,15979316
"Jan 15 2013",34.68,21163682
"Jan 14 2013",34.48,22322858
"Jan 11 2013",33.50,30749570
"Jan 10 2013",33.90,35489510
"Jan 9 2013",34.40,54043782
"Jan 8 2013",34.08,48068922
"Jan 7 2013",35.50,33462282
"Jan 4 2013",34.80,36918006
"Jan 3 2013",34.98,56799368
"Jan 2 2013",34.12,54486534
"Dec 31 2012",32.40,18744128
"Dec 28 2012",31.85,16801288
"Dec 27 2012",31.88,18052780
"Dec 24 2012",31.60,9885798
"Dec 21 2012",31.60,23483486
"Dec 20 2012",31.42,23980264
"Dec 19 2012",31.50,32826360
"Dec 18 2012",31.78,24366776
"Dec 17 2012",32.00,39861076
"Dec 14 2012",31.48,53800704
"Dec 13 2012",30.42,23014714
"Dec 12 2012",30.28,29112944
"Dec 11 2012",29.95,25590326
"Dec 10 2012",30.10,28488548
"Dec 7 2012",29.98,35492904
"Dec 6 2012",30.15,35203708
"Dec 5 2012",30.18,603273466
"Dec 4 2012",28.82,32180190
"Dec 3 2012",28.88,16595488
"Nov 30 2012",29.25,27574390
"Nov 29 2012",28.92,15889672
"Nov 28 2012",28.75,29412150
"Nov 27 2012",29.28,14427214
"Nov 26 2012",29.38,18387250
"Nov 23 2012",29.70,26828732
"Nov 22 2012",29.40,24192776
"Nov 21 2012",29.10,32328110
"Nov 20 2012",28.90,26090830
"Nov 19 2012",29.25,38919400
"Nov 16 2012",29.75,14899886
"Nov 15 2012",29.70,18329932
"Nov 14 2012",30.18,19414862
"Nov 13 2012",29.95,17590896
"Nov 12 2012",30.52,12368216
"Nov 9 2012",30.50,24575666
"Nov 8 2012",30.68,23252284
"Nov 7 2012",31.32,22856112
"Nov 6 2012",31.15,20141846
"Nov 5 2012",31.45,17454454
"Nov 2 2012",31.25,22980690
"Nov 1 2012",30.98,27540452
"Oct 31 2012",30.70,18227894
"Oct 30 2012",30.20,18076440
"Oct 29 2012",30.60,15706644
"Oct 26 2012",30.52,33507792
"Oct 25 2012",31.48,16151848
"Oct 24 2012",31.92,20867118
"Oct 22 2012",31.68,16677004
"Oct 19 2012",31.32,18961460
"Oct 18 2012",31.08,29347386
"Oct 17 2012",30.75,32828466
"Oct 16 2012",30.70,15111486
"Oct 15 2012",30.42,17367332
"Oct 12 2012",30.50,28804872
"Oct 11 2012",30.30,21074968
"Oct 10 2012",30.40,16066942
"Oct 9 2012",30.32,23363254
"Oct 8 2012",29.92,17602394
"Oct 5 2012",30.10,19904102
"Oct 4 2012",29.58,11591972
"Oct 3 2012",29.40,14811622
"Sep 28 2012",29.32,31965230
"Sep 27 2012",29.58,24549130
"Sep 26 2012",29.02,12973604
"Sep 25 2012",29.28,11882260
"Sep 24 2012",29.08,14224846
"Sep 21 2012",29.05,19030876
"Sep 20 2012",28.88,24024770
"Sep 19 2012",29.32,18342332
"Sep 18 2012",29.18,19898278
"Sep 17 2012",29.50,21066168
"Sep 14 2012",29.92,44449314
"Sep 13 2012",28.85,16694980
"Sep 12 2012",28.75,16830398
"Sep 11 2012",28.52,19714130
"Sep 10 2012",28.40,25940160
"Sep 7 2012",28.45,50596126
"Sep 6 2012",27.55,28302928
"Sep 5 2012",27.60,21350888
"Sep 4 2012",27.80,20987372
"Sep 3 2012",27.78,33879728
"Aug 31 2012",28.00,35294852
"Aug 30 2012",28.20,24096878
"Aug 29 2012",28.35,29031636
"Aug 28 2012",28.60,24975102
"Aug 27 2012",28.75,41193066
"Aug 24 2012",29.52,39561976
"Aug 23 2012",30.02,20999628
"Aug 22 2012",29.95,17841066
"Aug 21 2012",30.25,15318404
"Aug 20 2012",30.20,12104268
"Aug 17 2012",30.20,15904554
"Aug 16 2012",29.88,17798760
"Aug 15 2012",29.95,12593294
"Aug 14 2012",30.42,24284832
"Aug 13 2012",30.22,18964986
"Aug 10 2012",31.00,16684032
"Aug 9 2012",31.08,14307730
"Aug 8 2012",30.72,8008246
"Aug 7 2012",30.62,14867702
"Aug 6 2012",30.88,12603196
"Aug 3 2012",30.72,16589112
"Aug 2 2012",30.52,13425912
"Aug 1 2012",31.00,16115632
"Jul 31 2012",30.42,13600396
"Jul 30 2012",30.32,16107872
"Jul 27 2012",30.00,15291784
"Jul 26 2012",29.38,16771696
"Jul 25 2012",29.62,25876004
"Jul 24 2012",30.02,12039664
"Jul 23 2012",30.30,32282286
"Jul 20 2012",31.72,13716204
"Jul 19 2012",31.75,27365132
"Jul 18 2012",30.90,16564034
"Jul 17 2012",31.08,22401212
"Jul 16 2012",30.00,10991516
"Jul 13 2012",30.20,13987528
"Jul 12 2012",30.12,19566444
"Jul 11 2012",30.80,11452618
"Jul 10 2012",30.58,12445488
"Jul 9 2012",31.00,17275304
"Jul 6 2012",31.70,16509060
"Jul 5 2012",31.20,10139246
"Jul 4 2012",30.78,12943972
"Jul 3 2012",31.18,16856060
"Jun 29 2012",30.82,21867150
"Jun 28 2012",29.85,20329616
"Jun 27 2012",30.48,14348096
"Jun 26 2012",29.95,15076330
"Jun 25 2012",29.40,11041664
"Jun 22 2012",29.78,13055608
"Jun 21 2012",30.18,20897962
"Jun 20 2012",31.22,17346956
"Jun 19 2012",30.98,14492572
"Jun 18 2012",30.92,20648992
"Jun 15 2012",30.50,24361866
"Jun 14 2012",30.00,24546588
"Jun 13 2012",30.40,27533946
"Jun 12 2012",29.62,20546184
"Jun 11 2012",29.60,26984478
"Jun 8 2012",28.55,27672284
"Jun 7 2012",27.98,14428958
"Jun 6 2012",27.92,24009524
"Jun 5 2012",26.95,27908564
"Jun 4 2012",26.75,52613938
"Jun 1 2012",28.20,28606930
"May 31 2012",28.58,24430102
"May 30 2012",28.80,24587806
"May 29 2012",29.25,21949672
"May 28 2012",28.35,12860056
"May 25 2012",28.25,26202770
"May 24 2012",28.78,13281410
"May 23 2012",28.78,25639166
"May 22 2012",28.82,26021464
"May 21 2012",28.60,22393370
"May 18 2012",28.95,33809642
"May 17 2012",29.32,24986020
"May 16 2012",29.65,27397502
"May 15 2012",30.38,33805314
"May 14 2012",29.45,25790578
"May 11 2012",30.08,25502298
"May 10 2012",30.88,21314234
"May 9 2012",30.95,30087582
"May 8 2012",31.80,13491588
"May 7 2012",31.70,24610574
"May 4 2012",32.98,18328766
"May 3 2012",33.55,29350942
"May 2 2012",33.15,26730600
"Apr 30 2012",32.45,22647028
"Apr 27 2012",31.90,18544764
"Apr 26 2012",31.85,25814456
"Apr 25 2012",31.10,10032294
"Apr 24 2012",31.08,18591938
"Apr 23 2012",30.95,14542416
"Apr 20 2012",32.00,17468288
"Apr 19 2012",32.05,30871736
"Apr 18 2012",31.15,14862296
"Apr 17 2012",30.80,18033568
"Apr 16 2012",30.92,12343178
"Apr 13 2012",31.02,46344658
"Apr 12 2012",29.75,22775510
"Apr 11 2012",29.35,16255708
"Apr 10 2012",29.58,13583732
"Apr 5 2012",30.10,24088482
"Apr 3 2012",29.88,12727580
"Apr 2 2012",29.45,8780048
"Mar 30 2012",29.42,16188642
"Mar 29 2012",29.22,27946452
"Mar 28 2012",30.08,14277222
"Mar 27 2012",30.30,22396050
"Mar 26 2012",29.78,7880766
"Mar 23 2012",29.82,12002126
"Mar 22 2012",29.88,18692756
"Mar 21 2012",30.05,19395840
"Mar 20 2012",30.20,20135954
"Mar 19 2012",30.42,15747564
"Mar 16 2012",31.00,28152616
"Mar 15 2012",31.68,22758468
"Mar 14 2012",31.38,27462966
"Mar 13 2012",31.95,13347224
"Mar 12 2012",31.55,16837976
"Mar 9 2012",31.32,18142766
"Mar 8 2012",31.20,39776930
"Mar 7 2012",29.68,54871572
"Mar 6 2012",30.90,32717632
"Mar 5 2012",32.10,23884472
"Mar 2 2012",33.12,20292442
"Mar 1 2012",32.88,17545728
"Feb 29 2012",33.92,21045912
"Feb 28 2012",33.42,22398924
"Feb 27 2012",33.00,21981412
"Feb 24 2012",33.58,20380214
"Feb 23 2012",33.70,10655908
"Feb 22 2012",34.20,22626416
"Feb 21 2012",33.58,22683388
"Feb 20 2012",33.35,36441276
"Feb 17 2012",33.02,25300228
"Feb 16 2012",32.48,20380756
"Feb 15 2012",33.28,37500352
"Feb 14 2012",32.70,26201894
"Feb 13 2012",32.62,20426246
"Feb 10 2012",31.90,24015546
"Feb 9 2012",32.50,37166656
"Feb 8 2012",32.00,27238666
"Feb 7 2012",31.35,22273436
"Feb 6 2012",31.88,24788982
"Feb 3 2012",32.55,25974720
"Feb 2 2012",32.10,44285092
"Feb 1 2012",30.52,21617650
"Jan 31 2012",30.60,30962454
"Jan 30 2012",29.98,37423784
"Jan 27 2012",30.75,29237422
"Jan 26 2012",30.58,26602692
"Jan 20 2012",29.62,30624100
"Jan 19 2012",29.78,70725672
"Jan 18 2012",27.88,30875858
"Jan 17 2012",27.68,60227056
"Jan 16 2012",25.68,16131604
"Jan 13 2012",26.30,22374980
"Jan 12 2012",26.02,21908606
"Jan 11 2012",26.00,32938192
"Jan 10 2012",25.90,32821116
"Jan 9 2012",25.25,37167890
"Jan 6 2012",24.42,35940722
"Jan 5 2012",25.50,14097210
"Jan 4 2012",25.55,17060744
"Jan 3 2012",26.08,14985712
"Dec 30 2011",25.60,9473920
"Dec 29 2011",25.45,16164952
"Dec 28 2011",25.50,13102018
"Dec 23 2011",25.98,26264884
"Dec 22 2011",25.32,42025710
"Dec 21 2011",25.75,61919098
"Dec 20 2011",26.50,18611596
"Dec 19 2011",26.68,29340728
"Dec 16 2011",27.40,24293200
"Dec 15 2011",26.72,25453892
"Dec 14 2011",27.08,14751600
"Dec 13 2011",27.45,16057430
"Dec 12 2011",27.80,20241412
"Dec 9 2011",27.98,18122414
"Dec 8 2011",28.98,12549940
"Dec 7 2011",29.58,25520062
"Dec 6 2011",29.10,20889872
"Dec 5 2011",30.00,30704612
"Dec 2 2011",30.12,41093476
"Dec 1 2011",28.95,61329530
"Nov 30 2011",25.65,28365654
"Nov 29 2011",26.95,16027246
"Nov 28 2011",26.92,13897978
"Nov 25 2011",26.00,12815282
"Nov 24 2011",26.58,24471688
"Nov 23 2011",25.68,20260414
"Nov 22 2011",26.72,26778064
"Nov 21 2011",26.28,26108798
"Nov 18 2011",27.30,40762120
"Nov 17 2011",28.70,20505490
"Nov 16 2011",29.00,32312158
"Nov 15 2011",30.72,16525490
"Nov 14 2011",31.42,23976802
"Nov 11 2011",30.02,18301452
"Nov 10 2011",29.48,30137792
"Nov 9 2011",31.78,20595328
"Nov 8 2011",31.02,15756182
"Nov 7 2011",31.20,29430816
"Nov 4 2011",31.20,37960012
"Nov 3 2011",29.35,45143746
"Nov 2 2011",29.62,30933328
"Nov 1 2011",28.12,27113034
"Oct 31 2011",29.32,26699348
"Oct 28 2011",29.52,53428926
"Oct 27 2011",28.85,60986646
"Oct 26 2011",27.00,25176114
"Oct 25 2011",26.72,30636818
"Oct 24 2011",25.98,22616078
"Oct 21 2011",24.28,23786420
"Oct 20 2011",24.85,27317640
"Oct 19 2011",25.72,25730598
"Oct 18 2011",26.52,31491622
"Oct 17 2011",28.30,41361710
"Oct 14 2011",26.65,26374240
"Oct 13 2011",26.95,60926978
"Oct 12 2011",25.10,52314836
"Oct 11 2011",23.20,36727026
"Oct 10 2011",22.50,20489546
"Oct 7 2011",22.80,48524840
"Oct 6 2011",21.05,66567906
"Oct 4 2011",19.32,85285018
"Oct 3 2011",19.18,95395328
"Sep 30 2011",22.00,33293350
"Sep 28 2011",23.42,43492356
"Sep 27 2011",23.40,64574172
"Sep 26 2011",21.20,115070448
"Sep 23 2011",24.62,65276174
"Sep 22 2011",26.32,32411464
"Sep 21 2011",28.28,19428820
"Sep 20 2011",28.42,12537628
"Sep 19 2011",28.00,16304326
"Sep 16 2011",29.90,24110762
"Sep 15 2011",28.92,17984714
"Sep 14 2011",28.65,30347284
"Sep 12 2011",29.10,14302480
"Sep 9 2011",30.95,11562340
"Sep 8 2011",30.68,12610502
"Sep 7 2011",31.02,16077744
"Sep 6 2011",30.08,27616910
"Sep 5 2011",30.12,20337876
"Sep 2 2011",31.20,25307116
"Sep 1 2011",31.65,36301372
"Aug 31 2011",31.18,19347758
"Aug 30 2011",31.00,31931092
"Aug 29 2011",30.15,22675512
"Aug 26 2011",30.20,48628202
"Aug 25 2011",31.32,22376960
"Aug 24 2011",31.22,264894956
"Aug 23 2011",32.45,17884068
"Aug 22 2011",31.30,22523058
"Aug 19 2011",31.48,25029434
"Aug 18 2011",32.75,43530942
"Aug 16 2011",33.48,35859262
"Aug 15 2011",33.70,37530208
"Aug 12 2011",31.00,24606152
"Aug 11 2011",31.45,32157442
"Aug 10 2011",31.78,34252344
"Aug 9 2011",31.62,55000388
"Aug 8 2011",33.95,38803316
"Aug 5 2011",35.00,66602382
"Aug 4 2011",36.05,19557274
"Aug 3 2011",36.62,29028990
"Aug 2 2011",37.65,15779560
"Aug 1 2011",38.42,13908624
"Jul 29 2011",37.95,19958804
"Jul 28 2011",38.42,20387672
"Jul 27 2011",38.28,19670946
"Jul 26 2011",38.82,12397242
"Jul 25 2011",38.58,13894852
"Jul 22 2011",39.10,20713038
"Jul 21 2011",39.00,9598328
"Jul 20 2011",39.20,14502246
"Jul 19 2011",39.35,9901286
"Jul 18 2011",39.32,10944282
"Jul 15 2011",39.60,9249056
"Jul 14 2011",39.40,10567772
"Jul 13 2011",39.42,13239570
"Jul 12 2011",38.90,17127634
"Jul 11 2011",40.38,11298526
"Jul 8 2011",41.15,13553562
"Jul 7 2011",40.95,12998018
"Jul 6 2011",40.62,13741446
"Jul 5 2011",41.00,8016824
"Jul 4 2011",41.05,29974270
"Jun 30 2011",40.20,19021836
"Jun 29 2011",39.30,11274954
"Jun 28 2011",39.32,22354236
"Jun 27 2011",39.45,16867096
"Jun 24 2011",39.38,26207646
"Jun 23 2011",37.88,20973484
"Jun 22 2011",38.32,17429452
"Jun 21 2011",38.02,16782292
"Jun 20 2011",37.20,11800232
"Jun 17 2011",37.18,15787660
"Jun 16 2011",37.68,27061978
"Jun 15 2011",38.58,12958090
"Jun 14 2011",38.92,12880656
"Jun 13 2011",38.90,17375024
"Jun 10 2011",38.78,20439152
"Jun 9 2011",39.42,18385902
"Jun 8 2011",39.45,28176344
"Jun 7 2011",40.62,11616488
"Jun 3 2011",40.45,17900206
"Jun 2 2011",40.90,13025500
"Jun 1 2011",41.60,12554628
"May 31 2011",41.68,21349504
"May 30 2011",40.80,8043038
"May 27 2011",40.78,14563252
"May 26 2011",40.22,8315250
"May 25 2011",40.08,19271016
"May 24 2011",40.38,6924384
"May 23 2011",40.32,20070076
"May 20 2011",41.02,5976862
"May 19 2011",40.95,8135142
"May 18 2011",40.88,10788806
"May 17 2011",40.92,10339920
"May 16 2011",40.85,11789734
"May 13 2011",41.22,17168288
"May 12 2011",41.00,12545822
"May 11 2011",41.35,12823502
"May 9 2011",41.58,7454956
"May 6 2011",41.20,15481676
"May 5 2011",41.22,15020290
"May 4 2011",40.85,30139352
"May 3 2011",42.18,12790166
"Apr 29 2011",42.48,13777710
"Apr 28 2011",42.45,20102562
"Apr 27 2011",42.32,14684630
"Apr 26 2011",42.92,13768400
"Apr 21 2011",43.28,13974268
"Apr 20 2011",42.98,10637598
"Apr 19 2011",42.42,15265414
"Apr 18 2011",42.88,17751970
"Apr 15 2011",43.22,23734224
"Apr 14 2011",42.80,17927258
"Apr 13 2011",42.42,19758566
"Apr 12 2011",42.08,27066748
"Apr 11 2011",42.50,19091602
"Apr 8 2011",42.95,17030044
"Apr 7 2011",42.98,34243786
"Apr 6 2011",43.15,48723964
"Apr 4 2011",42.30,35967780
"Apr 1 2011",41.30,46373828
"Mar 31 2011",39.40,35606734
"Mar 30 2011",38.58,31313198
"Mar 29 2011",37.58,33164572
"Mar 28 2011",38.15,20589988
"Mar 25 2011",38.42,21045238
"Mar 24 2011",38.38,17537842
"Mar 23 2011",38.52,23195340
"Mar 22 2011",38.32,31500698
"Mar 21 2011",37.62,28449886
"Mar 18 2011",37.15,42567470
"Mar 17 2011",37.15,39529380
"Mar 16 2011",38.20,37148834
"Mar 15 2011",38.40,86934502
"Mar 11 2011",40.80,28835022
"Mar 10 2011",42.10,19920338
"Mar 9 2011",43.00,27186172
"Mar 8 2011",42.18,17426342
"Mar 7 2011",41.58,20839374
"Mar 4 2011",41.35,23125700
"Mar 3 2011",40.40,17403650
"Mar 2 2011",39.98,18272066
"Mar 1 2011",40.65,25429480
"Feb 28 2011",39.92,28589154
"Feb 25 2011",38.75,16839108
"Feb 24 2011",38.00,19268268
"Feb 23 2011",38.60,21164394
"Feb 22 2011",39.32,22121096
"Feb 21 2011",40.45,16046550
"Feb 18 2011",41.10,38606954
"Feb 17 2011",39.72,17620324
"Feb 16 2011",39.40,22981838
"Feb 15 2011",38.78,20003810
"Feb 14 2011",39.32,31143870
"Feb 11 2011",38.30,29332496
"Feb 10 2011",37.85,23202980
"Feb 9 2011",38.42,40587898
"Feb 8 2011",38.15,24489688
"Feb 7 2011",37.92,22391178
"Feb 2 2011",38.98,13880490
"Feb 1 2011",38.38,10526670
"Jan 31 2011",38.62,20317856
"Jan 28 2011",39.15,20362502
"Jan 27 2011",39.62,16129806
"Jan 26 2011",39.62,16569926
"Jan 25 2011",39.20,22552304
"Jan 24 2011",40.08,10739448
"Jan 21 2011",40.18,20369466
"Jan 20 2011",40.60,22126574
"Jan 19 2011",41.62,11514628
"Jan 18 2011",40.92,15497822
"Jan 17 2011",41.12,24013712
"Jan 14 2011",42.05,12166332
"Jan 13 2011",42.68,13462766
"Jan 12 2011",42.45,18223508
"Jan 11 2011",41.60,13709838
"Jan 10 2011",41.65,22334142
"Jan 7 2011",41.90,35706330
"Jan 6 2011",42.35,44352814
"Jan 5 2011",42.68,25812474
"Jan 4 2011",43.52,13182390
"Jan 3 2011",44.15,8739134
"Dec 31 2010",43.35,6993242
"Dec 30 2010",42.82,12637866
"Dec 29 2010",42.40,8806742
"Dec 28 2010",42.00,14347816
"Dec 24 2010",41.52,3887342
"Dec 23 2010",41.70,9798314
"Dec 22 2010",42.38,11069588
"Dec 21 2010",42.32,20551788
"Dec 20 2010",40.88,20092506
"Dec 17 2010",41.48,34661942
"Dec 16 2010",41.00,47662470
"Dec 15 2010",42.95,27528726
"Dec 14 2010",44.32,12303718
"Dec 13 2010",44.00,17921778
"Dec 10 2010",44.40,16992424
"Dec 9 2010",45.00,10754878
"Dec 8 2010",44.98,15147810
"Dec 7 2010",45.75,11925276
"Dec 6 2010",45.62,15331040
"Dec 3 2010",45.10,12550048
"Dec 2 2010",46.52,20623194
"Dec 1 2010",45.45,18465264
"Nov 30 2010",45.22,19341170
"Nov 29 2010",45.02,13311788
"Nov 26 2010",44.70,9273830
"Nov 25 2010",44.98,14560858
"Nov 24 2010",45.22,18756304
"Nov 23 2010",44.68,32934946
"Nov 22 2010",46.70,33033924
"Nov 19 2010",47.20,36052742
"Nov 18 2010",45.60,32253184
"Nov 17 2010",43.90,44355608
"Nov 16 2010",43.55,26634044
"Nov 15 2010",44.80,20342518
"Nov 12 2010",45.58,42815800
"Nov 11 2010",46.60,32900362
"Nov 10 2010",44.52,22717856
"Nov 9 2010",43.02,18840744
"Nov 8 2010",44.20,12048624
"Nov 5 2010",44.50,11228608
"Nov 4 2010",44.00,10693106
"Nov 3 2010",43.98,13227124
"Nov 2 2010",43.20,8743298
"Nov 1 2010",43.30,18360648
"Oct 29 2010",41.60,28332538
"Oct 28 2010",42.88,32637592
"Oct 27 2010",42.08,16563918
"Oct 26 2010",43.40,10187712
"Oct 25 2010",43.62,18217268
"Oct 22 2010",43.95,18420424
"Oct 21 2010",44.00,24218892
"Oct 20 2010",42.82,32878312
"Oct 19 2010",42.75,17599268
"Oct 18 2010",41.58,34170662
"Oct 15 2010",41.50,46967864
"Oct 14 2010",43.65,43237714
"Oct 13 2010",42.75,34904484
"Oct 12 2010",39.95,18244262
"Oct 11 2010",39.68,25979736
"Oct 8 2010",38.38,25894838
"Oct 7 2010",37.68,13129800
"Oct 6 2010",37.82,18308542
"Oct 5 2010",38.20,47282550
"Oct 4 2010",39.48,26223352
"Sep 30 2010",39.68,19507396
"Sep 29 2010",39.25,32375996
"Sep 28 2010",38.28,17453216
"Sep 27 2010",38.40,20085250
"Sep 24 2010",37.88,19279828
"Sep 22 2010",37.20,19707056
"Sep 21 2010",37.45,23961544
"Sep 20 2010",36.68,11717374
"Sep 17 2010",36.78,18557786
"Sep 16 2010",36.28,22757772
"Sep 15 2010",36.60,22331308
"Sep 14 2010",36.70,27665184
"Sep 13 2010",36.32,28949526
"Sep 10 2010",35.42,10788544
"Sep 9 2010",35.10,20676896
"Sep 8 2010",34.65,18198062
"Sep 7 2010",35.05,24722126
"Sep 6 2010",34.95,46202416
"Sep 3 2010",34.80,394213370
"Sep 2 2010",33.08,178785906
"Jun 30 2010",32.10,0
"Jun 29 2010",32.10,23646042
"Jun 28 2010",33.12,15592832
"Jun 25 2010",33.30,17741834
"Jun 24 2010",33.45,12989424
"Jun 23 2010",33.60,21194484
"Jun 22 2010",33.20,22308068
"Jun 21 2010",33.32,57285520
"Jun 18 2010",31.38,15995716
"Jun 17 2010",31.38,11078276
"Jun 15 2010",31.35,13171330
"Jun 14 2010",31.50,10514720
"Jun 11 2010",31.02,9930040
"Jun 10 2010",30.80,9022388
"Jun 9 2010",31.00,13248880
"Jun 8 2010",30.92,17688200
"Jun 7 2010",31.10,28549132
"Jun 4 2010",31.92,30836378
"Jun 3 2010",31.18,20690280
"Jun 2 2010",30.62,20571454
"Jun 1 2010",30.70,15024296
"May 31 2010",31.35,17069342
"May 28 2010",31.95,45592708
"May 27 2010",30.78,29497030
"May 26 2010",30.50,38726052
"May 25 2010",28.95,41159574
"May 24 2010",30.65,23572460
"May 20 2010",29.98,20867842
"May 19 2010",29.98,15593298
"May 18 2010",30.50,23504000
"May 17 2010",29.80,44346106
"May 14 2010",31.00,396637958
"May 13 2010",31.75,28657002
"May 12 2010",30.85,20472918
"May 11 2010",30.75,24563652
"May 10 2010",31.48,14754410
"May 7 2010",30.72,31142410
"May 6 2010",31.15,27914682
"May 5 2010",31.55,34235108
"May 4 2010",32.75,12431824
"May 3 2010",33.02,10563886
"Apr 30 2010",33.80,24852124
"Apr 29 2010",32.38,19149666
"Apr 28 2010",33.10,19328496
"Apr 27 2010",33.82,15315734
"Apr 26 2010",34.50,9956840
"Apr 23 2010",33.95,19948426
"Apr 22 2010",34.68,16843048
"Apr 21 2010",34.38,14343062
"Apr 20 2010",34.55,13974018
"Apr 19 2010",33.62,25947454
"Apr 16 2010",34.10,15943620
"Apr 15 2010",34.60,11530136
"Apr 14 2010",34.85,9785824
"Apr 13 2010",34.80,27947618
"Apr 12 2010",34.05,22743928
"Apr 9 2010",34.68,16191242
"Apr 8 2010",34.42,12267190
"Apr 7 2010",34.48,15486384
"Apr 1 2010",34.22,16816038
"Mar 31 2010",33.38,14644166
"Mar 30 2010",33.72,21830964
"Mar 29 2010",33.00,19796814
"Mar 26 2010",32.30,11049912
"Mar 25 2010",31.90,13457888
"Mar 24 2010",32.32,8901884
"Mar 23 2010",31.90,8676200
"Mar 22 2010",32.02,12832852
"Mar 19 2010",32.80,7690026
"Mar 18 2010",32.68,8622462
"Mar 17 2010",32.95,21223142
"Mar 16 2010",31.90,9654224
"Mar 15 2010",31.90,19794986
"Mar 12 2010",32.32,16230476
"Mar 11 2010",32.10,12233122
"Mar 10 2010",32.10,19410170
"Mar 9 2010",31.80,29414554
"Mar 8 2010",30.92,16305508
"Mar 5 2010",29.82,22148976
"Mar 4 2010",30.10,17210212
"Mar 3 2010",30.40,10929664
"Mar 2 2010",30.60,12653378
"Mar 1 2010",30.38,26635046
"Feb 26 2010",29.50,12703750
"Feb 25 2010",29.10,16104342
"Feb 24 2010",29.52,16657172
"Feb 23 2010",29.85,34857122
"Feb 22 2010",30.48,9350224
"Feb 19 2010",29.72,11144494
"Feb 18 2010",30.58,5809400
"Feb 17 2010",30.90,8704480
"Feb 12 2010",30.65,13209212
"Feb 11 2010",31.18,15160740
"Feb 10 2010",30.20,12883958
"Feb 9 2010",29.60,13728578
"Feb 8 2010",29.20,20759210
"Feb 5 2010",29.70,26521922
"Feb 4 2010",31.00,8747190
"Feb 3 2010",31.38,20045688
"Feb 2 2010",30.65,12852452
"Feb 1 2010",30.80,16842456
"Jan 29 2010",30.45,28261946
"Jan 28 2010",30.00,16338702
"Jan 27 2010",29.60,33374622
"Jan 26 2010",29.70,33586996
"Jan 25 2010",31.28,19560164
"Jan 22 2010",31.40,41253528
"Jan 21 2010",31.95,33853452
"Jan 20 2010",33.02,20649700
"Jan 19 2010",33.80,11382518
"Jan 18 2010",33.50,14000708
"Jan 15 2010",33.40,19517458
"Jan 14 2010",33.50,21818662
"Jan 13 2010",33.80,35673636
"Jan 12 2010",35.42,13853468
"Jan 11 2010",35.60,20433656
"Jan 8 2010",34.92,13257738
"Jan 7 2010",35.00,24715978
"Jan 6 2010",35.32,26959426
"Jan 5 2010",34.98,27460382
"Jan 4 2010",33.78,10568096
"Dec 31 2009",34.00,9417808
"Dec 30 2009",32.85,18081528
"Dec 29 2009",33.08,11424244
"Dec 28 2009",33.50,14633456
"Dec 24 2009",33.60,13712842
"Dec 23 2009",33.48,12840000
"Dec 22 2009",33.15,13557574
"Dec 21 2009",32.88,17768954
"Dec 18 2009",33.40,21721480
"Dec 17 2009",33.40,22835180
"Dec 16 2009",34.28,13012698
"Dec 15 2009",34.60,10780578
"Dec 14 2009",34.88,25571000
"Dec 11 2009",34.95,19630078
"Dec 10 2009",35.22,17825984
"Dec 9 2009",35.58,14645670
"Dec 8 2009",36.58,8145538
"Dec 7 2009",37.00,6488908
"Dec 4 2009",36.98,19397390
"Dec 3 2009",36.50,20180188
"Dec 2 2009",36.52,13770796
"Dec 1 2009",36.62,7745962
"Nov 30 2009",36.15,22211430
"Nov 27 2009",35.00,39996894
"Nov 26 2009",37.05,26652032
"Nov 25 2009",37.78,23733640
"Nov 24 2009",36.65,32833674
"Nov 23 2009",36.62,27248750
"Nov 20 2009",35.12,15032068
"Nov 19 2009",35.60,16048514
"Nov 18 2009",36.40,14016262
"Nov 17 2009",36.92,17760070
"Nov 16 2009",36.80,18136176
"Nov 13 2009",36.25,9249742
"Nov 12 2009",36.00,7768194
"Nov 11 2009",36.18,12865340
"Nov 10 2009",36.40,16710038
"Nov 9 2009",35.68,12519464
"Nov 6 2009",35.68,11719324
"Nov 5 2009",35.08,9314330
"Nov 4 2009",35.12,9186130
"Nov 3 2009",34.20,18737956
"Nov 2 2009",35.00,19429828
"Oct 30 2009",34.78,22421500
"Oct 29 2009",34.00,28856062
"Oct 28 2009",34.60,21478782
"Oct 27 2009",35.70,26322316
"Oct 23 2009",36.05,46544234
"Oct 22 2009",34.22,11799788
"Oct 21 2009",34.15,13394910
"Oct 20 2009",34.05,13916300
"Oct 19 2009",33.80,8964754
"Oct 16 2009",33.40,10153452
"Oct 15 2009",33.40,12892984
"Oct 14 2009",33.20,12968810
"Oct 13 2009",32.78,11322932
"Oct 12 2009",32.42,11194152
"Oct 9 2009",32.52,18137886
"Oct 8 2009",32.00,17769456
"Oct 7 2009",32.12,16512276
"Oct 6 2009",31.38,14228668
"Oct 5 2009",30.40,11618618
"Oct 2 2009",30.08,16654982
"Sep 30 2009",30.85,7277152
"Sep 29 2009",31.20,10977112
"Sep 28 2009",30.48,9066508
"Sep 25 2009",31.30,15901564
"Sep 24 2009",31.18,19982718
"Sep 23 2009",32.18,10400638
"Sep 22 2009",32.62,12932360
"Sep 21 2009",32.48,9350594
"Sep 18 2009",33.10,12427678
"Sep 17 2009",33.18,27101504
"Sep 16 2009",32.68,16129500
"Sep 15 2009",31.98,6675092
"Sep 14 2009",31.88,8802980
"Sep 11 2009",32.02,10572212
"Sep 10 2009",31.90,15731580
"Sep 9 2009",31.52,9805504
"Sep 8 2009",31.95,19279562
"Sep 7 2009",31.22,19471820
"Sep 4 2009",30.48,33286348
"Sep 3 2009",29.40,33064390
"Sep 2 2009",28.50,21995660
"Sep 1 2009",28.95,17745952
"Aug 31 2009",29.00,28681332
"Aug 28 2009",29.65,33329768
"Aug 27 2009",30.58,15672938
"Aug 26 2009",30.60,12115540
"Aug 25 2009",30.90,19253134
"Aug 24 2009",31.05,13928398
"Aug 21 2009",30.35,15869322
"Aug 20 2009",30.88,14314068
"Aug 19 2009",30.35,28252842
"Aug 18 2009",30.65,32282392
"Aug 17 2009",30.60,41422128
"Aug 14 2009",32.60,21008648
"Aug 13 2009",32.80,15918834
"Aug 12 2009",32.30,32242330
"Aug 11 2009",33.00,13330106
"Aug 10 2009",32.58,21845936
"Aug 7 2009",32.25,29244698
"Aug 6 2009",33.60,24657424
"Aug 5 2009",33.55,17930078
"Aug 4 2009",33.98,19230728
"Aug 3 2009",34.60,10816472
"Jul 31 2009",34.28,15077672
"Jul 30 2009",33.75,27533150
"Jul 29 2009",33.50,25846776
"Jul 28 2009",34.98,25471070
"Jul 27 2009",34.22,20123158
"Jul 24 2009",34.00,24039862
"Jul 23 2009",32.98,19742512
"Jul 22 2009",32.20,32863144
