,0,1,2,3,4,5
0,Date,Open,High,Low,Close,Volume
1,"Jun 3, 2016",32.45,32.45,32.02,32.35,35163822
2,"Jun 2, 2016",32.31,32.50,32.10,32.21,28989196
3,"Jun 1, 2016",32.69,32.82,32.25,32.29,42343352
4,"May 31, 2016",31.94,33.50,31.94,32.70,75882589
5,"May 30, 2016",31.75,31.94,31.50,31.94,22097500
6,"May 27, 2016",31.70,31.71,31.58,31.60,14098751
7,"May 26, 2016",31.61,31.79,31.50,31.62,20356139
8,"May 25, 2016",31.83,31.88,31.59,31.64,13712500
9,"May 24, 2016",31.72,31.83,31.50,31.65,18552099
10,"May 23, 2016",31.76,31.96,31.71,31.82,27738544
11,"May 20, 2016",31.82,31.97,31.72,31.83,17539236
12,"May 19, 2016",31.71,31.90,31.70,31.84,28517053
13,"May 18, 2016",31.41,31.89,31.37,31.77,60201782
14,"May 17, 2016",31.60,31.65,31.45,31.52,20691674
15,"May 16, 2016",31.56,31.70,31.51,31.62,24118291
16,"May 13, 2016",31.55,31.85,31.49,31.71,39265080
17,"May 12, 2016",31.20,31.85,30.95,31.72,56869642
18,"May 11, 2016",31.24,31.37,31.16,31.26,27763942
19,"May 10, 2016",31.08,31.26,31.02,31.17,27645278
20,"May 9, 2016",31.39,31.40,31.05,31.16,49046546
21,"May 6, 2016",32.00,32.01,31.39,31.39,49181874
22,"May 5, 2016",31.93,32.05,31.87,31.96,21140060
23,"May 4, 2016",31.93,32.03,31.89,31.93,26426416
24,"May 3, 2016",32.01,32.43,31.86,31.89,50917961
25,"Apr 29, 2016",32.09,32.40,31.95,32.02,25951148
26,"Apr 28, 2016",32.26,32.38,32.01,32.19,22743653
27,"Apr 27, 2016",32.57,32.62,32.21,32.25,32926140
28,"Apr 26, 2016",32.32,32.53,32.21,32.39,30804864
29,"Apr 25, 2016",32.30,32.50,31.97,32.32,30729800
30,"Apr 22, 2016",32.00,32.55,31.88,32.42,43078020
31,Date,Open,High,Low,Close,Volume
32,"Apr 21, 2016",31.94,32.50,31.86,32.21,65119594
33,"Apr 20, 2016",31.94,32.25,31.11,32.24,119379681
34,"Apr 19, 2016",32.00,32.04,31.75,31.94,47555191
35,"Apr 18, 2016",31.80,32.09,31.51,31.79,56266307
36,"Apr 15, 2016",32.03,32.10,31.88,31.99,53566943
37,"Apr 14, 2016",32.08,32.38,31.88,32.01,42270343
38,"Apr 13, 2016",31.80,32.26,31.72,31.92,75568173
39,"Apr 12, 2016",31.49,31.75,31.40,31.55,21968838
40,"Apr 11, 2016",31.32,31.84,31.32,31.51,35165894
41,"Apr 8, 2016",31.20,31.27,31.04,31.17,36175893
42,"Apr 7, 2016",31.89,31.96,31.36,31.37,36211146
43,"Apr 6, 2016",31.78,31.96,31.64,31.73,27232796
44,"Apr 5, 2016",31.70,32.20,31.50,32.01,42978997
45,"Apr 1, 2016",31.83,31.96,31.21,31.91,38552936
46,"Mar 31, 2016",32.09,32.18,31.71,31.82,29797952
47,"Mar 30, 2016",31.60,32.06,31.52,32.00,43205823
48,"Mar 29, 2016",31.61,31.76,31.14,31.25,34128188
49,"Mar 28, 2016",32.10,32.35,31.35,31.47,37797307
50,"Mar 25, 2016",31.81,32.80,31.64,32.08,35717568
51,"Mar 24, 2016",32.07,32.09,31.75,31.80,35109688
52,"Mar 23, 2016",32.29,32.76,32.08,32.27,36047297
53,"Mar 22, 2016",32.65,33.04,32.00,32.10,60362722
54,"Mar 21, 2016",32.39,33.80,32.24,32.82,113879011
55,"Mar 18, 2016",32.32,32.42,31.88,32.11,87408324
56,"Mar 17, 2016",32.10,32.37,31.88,32.00,57078597
57,"Mar 16, 2016",31.10,32.26,31.05,32.13,159647657
58,"Mar 15, 2016",31.05,31.49,30.65,31.34,61981843
59,"Mar 14, 2016",30.99,31.57,30.90,31.13,55579715
60,"Mar 11, 2016",30.57,31.10,30.47,30.95,35792982
61,"Mar 10, 2016",30.98,31.29,30.70,30.72,33110889
62,Date,Open,High,Low,Close,Volume
63,"Mar 9, 2016",30.82,31.45,30.26,31.39,80090596
64,"Mar 8, 2016",30.98,31.35,29.99,31.29,67391212
65,"Mar 7, 2016",31.38,31.58,30.81,31.05,54440341
66,"Mar 4, 2016",30.28,31.60,30.13,31.49,178976573
67,"Mar 3, 2016",30.25,30.49,29.98,30.42,53494887
68,"Mar 2, 2016",29.35,30.30,29.35,30.18,62335409
69,"Mar 1, 2016",28.90,29.69,28.56,29.28,40682753
70,"Feb 29, 2016",29.05,29.15,27.81,29.00,66763176
71,"Feb 26, 2016",29.33,29.40,28.94,29.11,33211134
72,"Feb 25, 2016",30.37,30.37,28.86,28.97,59059774
73,"Feb 24, 2016",30.30,30.60,30.03,30.41,30491050
74,"Feb 23, 2016",30.96,30.97,30.24,30.50,43458444
75,"Feb 22, 2016",30.28,31.65,30.03,30.98,78908600
76,"Feb 19, 2016",29.91,30.15,29.73,29.91,26092199
77,"Feb 18, 2016",30.28,30.49,29.80,29.91,48458572
78,"Feb 17, 2016",30.13,30.33,29.92,30.04,46163466
79,"Feb 16, 2016",29.55,30.32,29.46,30.12,39757869
80,"Feb 15, 2016",28.70,29.79,28.62,29.41,43993725
81,"Feb 5, 2016",29.70,30.00,29.61,29.67,33330201
82,"Feb 4, 2016",29.77,30.06,29.49,29.70,36657042
83,"Feb 3, 2016",29.50,29.80,29.10,29.46,39035211
84,"Feb 2, 2016",29.53,30.10,29.50,29.95,37513430
85,"Feb 1, 2016",30.16,30.16,29.31,29.50,34048457
86,"Jan 29, 2016",29.20,30.38,29.12,30.20,64439144
87,"Jan 28, 2016",29.20,29.61,28.77,29.33,48441759
88,"Jan 27, 2016",29.35,29.48,28.80,29.20,70385326
89,"Jan 26, 2016",29.91,30.10,28.98,29.20,76680981
90,"Jan 25, 2016",30.29,30.36,29.89,30.26,37474472
91,"Jan 22, 2016",30.37,30.49,29.68,30.22,49310407
92,"Jan 21, 2016",30.37,30.81,29.87,30.03,68190102
93,Date,Open,High,Low,Close,Volume
94,"Jan 20, 2016",31.22,31.45,30.29,30.55,100704268
95,"Jan 19, 2016",31.22,31.68,30.75,31.53,67392536
96,"Jan 18, 2016",30.73,31.27,30.59,31.03,48369367
97,"Jan 15, 2016",31.64,31.87,30.90,31.09,59140260
98,"Jan 14, 2016",30.90,32.06,30.80,32.00,79722712
99,"Jan 13, 2016",32.77,32.78,31.85,31.96,62533019
100,"Jan 12, 2016",32.27,32.56,31.82,32.20,74380914
101,"Jan 11, 2016",33.00,33.33,32.00,32.02,99355700
102,"Jan 8, 2016",34.00,34.45,32.90,33.91,98239660
103,"Jan 7, 2016",34.00,34.52,33.00,33.32,23647605
104,"Jan 6, 2016",34.30,34.66,34.00,34.54,48012110
105,"Jan 5, 2016",33.68,34.81,33.50,34.47,87498507
106,"Jan 4, 2016",35.84,35.84,33.90,34.02,70997199
107,"Dec 31, 2015",35.79,36.19,35.42,35.84,51927675
108,"Dec 30, 2015",36.26,36.28,35.44,35.73,49397553
109,"Dec 29, 2015",35.70,36.19,35.67,36.15,30801923
110,"Dec 28, 2015",36.95,37.10,35.66,35.70,63939139
111,"Dec 25, 2015",36.90,37.17,36.71,36.90,35244314
112,"Dec 24, 2015",37.06,37.59,36.46,36.93,81236313
113,"Dec 23, 2015",36.92,37.88,36.80,36.99,118840026
114,"Dec 22, 2015",36.85,37.11,36.41,36.91,72390841
115,"Dec 21, 2015",35.79,37.23,35.65,36.90,138613465
116,"Dec 18, 2015",35.41,36.28,35.36,35.79,83940922
117,"Dec 17, 2015",35.56,35.88,35.27,35.51,58593058
118,"Dec 16, 2015",35.30,35.53,35.12,35.25,38051697
119,"Dec 15, 2015",35.50,35.61,35.05,35.26,63275218
120,"Dec 14, 2015",34.15,35.95,34.02,35.60,94982292
121,"Dec 11, 2015",34.39,34.66,34.18,34.62,52799774
122,"Dec 10, 2015",34.41,35.25,34.39,34.49,55345796
123,"Dec 9, 2015",34.44,34.86,34.34,34.44,41609639
124,Date,Open,High,Low,Close,Volume
125,"Dec 8, 2015",34.50,34.85,34.34,34.44,57354970
126,"Dec 7, 2015",35.00,35.15,34.53,34.74,48751673
127,"Dec 4, 2015",35.46,35.68,34.80,34.96,87368217
128,"Dec 3, 2015",35.53,36.60,35.32,35.99,142305933
129,"Dec 2, 2015",34.20,36.20,33.98,35.99,182813266
130,"Dec 1, 2015",33.79,34.90,33.61,34.14,83519647
131,"Nov 30, 2015",33.69,34.00,32.95,33.86,84030498
132,"Nov 27, 2015",35.00,35.08,33.39,33.80,116454446
133,"Nov 26, 2015",35.19,35.42,35.00,35.05,54916243
134,"Nov 25, 2015",34.95,35.09,34.86,35.05,48336266
135,"Nov 24, 2015",34.91,35.19,34.58,34.98,65254433
136,"Nov 23, 2015",35.07,35.28,34.90,34.95,60898386
137,"Nov 20, 2015",35.30,35.38,34.99,35.05,50097068
138,"Nov 19, 2015",35.02,35.36,34.95,35.31,50583227
139,"Nov 18, 2015",35.25,35.37,34.75,34.89,69300139
140,"Nov 17, 2015",35.35,36.38,35.12,35.27,96838961
141,"Nov 16, 2015",34.54,35.15,34.45,35.13,74745954
142,"Nov 13, 2015",35.05,35.48,34.91,35.06,76458303
143,"Nov 12, 2015",36.08,36.08,35.38,35.45,91357791
144,"Nov 11, 2015",36.05,36.24,35.47,35.85,111438113
145,"Nov 10, 2015",36.00,36.94,35.80,36.26,142819589
146,"Nov 9, 2015",36.31,37.43,36.16,36.40,233123714
147,"Nov 6, 2015",35.25,36.50,35.03,36.20,214827617
148,"Nov 5, 2015",34.51,37.48,34.47,35.34,442103018
149,"Nov 4, 2015",33.09,35.37,33.09,34.99,192253306
150,"Nov 3, 2015",33.18,33.27,32.90,33.02,38103234
151,"Nov 2, 2015",33.14,33.46,32.91,33.01,56104771
152,"Oct 30, 2015",33.40,33.95,33.24,33.48,47407089
153,"Oct 29, 2015",33.71,33.85,33.21,33.35,52017325
154,"Oct 28, 2015",34.20,34.35,33.50,33.55,67072585
155,Date,Open,High,Low,Close,Volume
156,"Oct 27, 2015",33.61,35.14,33.01,34.30,126733683
157,"Oct 26, 2015",34.02,35.51,33.53,33.60,212648098
158,"Oct 23, 2015",33.00,34.00,32.96,33.75,99386427
159,"Oct 22, 2015",32.50,33.05,32.35,32.87,71371479
160,"Oct 21, 2015",32.96,33.66,32.07,32.62,133704957
161,"Oct 20, 2015",32.95,33.05,32.50,32.91,54658545
162,"Oct 19, 2015",32.80,33.38,32.63,33.18,88096211
163,"Oct 16, 2015",32.65,33.15,32.50,32.79,68363054
164,"Oct 15, 2015",31.80,32.49,31.68,32.45,64521081
165,"Oct 14, 2015",32.07,32.29,31.66,31.70,47156844
166,"Oct 13, 2015",32.30,32.67,32.10,32.20,48784540
167,"Oct 12, 2015",31.61,32.93,31.56,32.63,102692258
168,"Oct 9, 2015",31.10,31.83,31.00,31.70,82081673
169,"Oct 8, 2015",32.00,32.15,30.55,30.76,174729254
170,"Sep 30, 2015",30.05,30.18,29.77,29.87,36554916
171,"Sep 29, 2015",30.48,30.48,29.67,29.82,64059048
172,"Sep 28, 2015",31.05,31.13,30.68,30.90,27179227
173,"Sep 25, 2015",31.01,31.40,30.58,31.22,71148577
174,"Sep 24, 2015",30.91,31.33,30.84,31.13,63852786
175,"Sep 23, 2015",31.29,31.58,30.71,30.76,101241517
176,"Sep 22, 2015",31.10,32.06,30.83,31.78,120072574
177,"Sep 21, 2015",30.21,31.15,30.05,30.95,81031920
178,"Sep 18, 2015",30.42,31.10,30.36,30.57,85643882
179,"Sep 17, 2015",30.49,31.18,30.10,30.22,101606967
180,"Sep 16, 2015",29.33,31.17,29.07,30.55,114814688
181,"Sep 15, 2015",29.60,29.79,29.00,29.45,118329733
182,"Sep 14, 2015",29.97,30.20,28.73,30.03,220674688
183,"Sep 11, 2015",30.16,30.47,29.61,29.87,70826201
184,"Sep 10, 2015",30.08,30.36,29.81,30.24,87888881
185,"Sep 9, 2015",29.86,30.66,29.61,30.22,143050164
186,Date,Open,High,Low,Close,Volume
187,"Sep 8, 2015",28.86,29.87,28.86,29.75,125528629
188,"Sep 7, 2015",29.65,30.28,28.60,28.88,136313308
189,"Sep 2, 2015",29.15,30.24,29.03,29.90,373505875
190,"Sep 1, 2015",29.53,30.18,28.65,30.16,369091176
191,"Aug 31, 2015",28.86,30.35,28.52,30.29,289466600
192,"Aug 28, 2015",29.50,30.39,28.79,29.67,331933947
193,"Aug 27, 2015",27.40,29.00,26.97,29.00,393998439
194,"Aug 26, 2015",25.20,27.30,25.12,26.36,382669144
195,"Aug 25, 2015",25.30,27.55,24.65,25.17,431616157
196,"Aug 24, 2015",28.49,28.50,26.45,26.45,403296227
197,"Aug 21, 2015",30.46,31.15,29.30,29.47,205858189
198,"Aug 20, 2015",31.00,31.40,30.52,30.55,109864022
199,"Aug 19, 2015",30.95,31.64,30.50,31.41,161453342
200,"Aug 18, 2015",33.03,33.63,31.24,31.27,210389448
201,"Aug 17, 2015",33.41,33.49,32.60,32.98,152170414
202,"Aug 14, 2015",34.18,34.26,33.80,33.89,115595672
203,"Aug 13, 2015",33.71,34.28,33.50,34.10,110002958
204,"Aug 12, 2015",34.50,34.76,33.77,33.79,133346307
205,"Aug 11, 2015",34.90,35.69,34.70,34.89,166487100
206,"Aug 10, 2015",34.00,35.44,33.57,35.10,219839332
207,"Aug 7, 2015",33.34,34.24,33.15,33.88,152416244
208,"Aug 6, 2015",32.77,33.64,32.61,32.90,96170786
209,"Aug 5, 2015",34.00,34.09,33.21,33.29,129319492
210,"Aug 4, 2015",33.10,34.30,32.95,34.22,154959144
211,"Aug 3, 2015",33.00,33.39,32.28,33.33,232199395
212,"Jul 31, 2015",34.01,34.42,33.11,33.35,203641357
213,"Jul 30, 2015",34.90,36.08,34.10,34.27,234107360
214,"Jul 29, 2015",35.76,35.98,33.80,34.94,296485242
215,"Jul 28, 2015",35.01,36.73,34.58,35.09,339771040
216,"Jul 27, 2015",39.89,40.08,36.39,36.59,171259599
217,Date,Open,High,Low,Close,Volume
218,"Jul 24, 2015",41.34,41.34,40.28,40.32,236356400
219,"Jul 23, 2015",39.98,41.39,39.74,41.30,309046092
220,"Jul 22, 2015",40.23,40.28,39.25,39.60,176911906
221,"Jul 21, 2015",40.25,40.62,39.90,40.28,174031704
222,"Jul 20, 2015",40.98,41.20,40.25,40.54,247981790
223,"Jul 17, 2015",39.50,40.65,39.24,40.23,227903614
224,"Jul 16, 2015",39.40,39.74,38.75,39.24,159161386
225,"Jul 15, 2015",39.00,40.00,38.65,39.52,276987992
226,"Jul 14, 2015",39.76,40.50,38.90,39.31,309353316
227,"Jul 13, 2015",40.47,41.38,39.70,40.34,410198364
228,"Jul 10, 2015",39.50,43.00,39.20,41.10,672325374
229,"Jul 9, 2015",38.73,41.90,36.01,40.18,692684066
230,"Jul 8, 2015",38.76,40.65,38.72,38.72,738704706
231,"Jul 7, 2015",38.36,43.02,35.56,43.02,1686656270
232,"Jul 6, 2015",40.15,40.35,37.55,39.04,767104876
233,"Jul 3, 2015",38.50,39.50,36.16,37.25,404177490
234,"Jul 2, 2015",39.49,39.94,37.60,38.85,377777802
235,"Jul 1, 2015",40.50,40.75,38.86,39.32,294089128
236,"Jun 30, 2015",38.50,41.00,38.01,40.98,466572686
237,"Jun 29, 2015",39.50,39.94,36.12,38.28,503924412
238,"Jun 26, 2015",40.50,41.91,37.22,38.70,469190236
239,"Jun 25, 2015",42.56,42.74,41.20,41.22,216844658
240,"Jun 24, 2015",42.32,42.65,41.50,42.42,247393890
241,"Jun 23, 2015",40.50,42.30,40.33,42.20,336843290
242,"Jun 19, 2015",41.60,42.30,40.04,40.20,286403974
243,"Jun 18, 2015",43.40,43.40,41.94,42.00,251110680
244,"Jun 17, 2015",43.50,43.84,43.00,43.50,205296400
245,"Jun 16, 2015",43.00,44.18,42.80,43.25,249995020
246,"Jun 15, 2015",45.22,45.50,43.39,43.50,307883632
247,"Jun 12, 2015",45.34,45.82,44.83,45.09,275049972
248,Date,Open,High,Low,Close,Volume
249,"Jun 11, 2015",44.24,46.18,43.64,45.15,427215626
250,"Jun 10, 2015",44.15,44.84,43.74,44.22,219809270
251,"Jun 9, 2015",45.90,46.09,44.34,44.64,336904842
252,"Jun 8, 2015",43.76,46.28,43.36,46.00,567546496
253,"Jun 5, 2015",44.62,44.89,42.55,43.48,325060876
254,"Jun 4, 2015",42.81,44.14,41.90,44.00,366678186
255,"Jun 3, 2015",43.20,43.50,42.50,42.78,237345636
256,"Jun 2, 2015",43.75,43.89,42.50,43.18,275835932
257,"Jun 1, 2015",42.40,44.15,41.85,43.72,359585800
258,"May 29, 2015",42.91,43.22,42.01,42.74,295552446
259,"May 28, 2015",45.38,45.53,42.45,42.64,392525176
260,"May 27, 2015",46.35,46.69,45.15,45.53,272110182
261,"May 26, 2015",46.90,47.15,45.50,46.56,343822314
262,"May 25, 2015",45.50,46.24,45.28,45.80,369448492
263,"May 22, 2015",43.67,44.82,43.60,44.79,370673410
264,"May 21, 2015",42.84,43.64,42.65,43.32,225494022
265,"May 20, 2015",42.94,43.47,42.34,42.80,286566246
266,"May 19, 2015",41.28,43.06,41.27,42.73,308744514
267,"May 18, 2015",41.90,42.02,41.16,41.20,247130904
268,"May 15, 2015",43.20,43.20,41.80,42.20,312141804
269,"May 14, 2015",43.48,44.00,43.01,43.16,264145056
270,"May 13, 2015",44.48,44.72,43.33,43.52,294088992
271,"May 12, 2015",44.02,44.88,43.75,44.48,293920204
272,"May 11, 2015",43.50,44.92,43.02,44.36,365459192
273,"May 8, 2015",44.06,44.20,42.51,43.45,316411440
274,"May 7, 2015",43.50,44.24,42.93,43.50,336521280
275,"May 6, 2015",43.40,46.88,43.26,44.29,697853516
276,"May 5, 2015",45.27,45.40,42.97,43.06,398951612
277,"May 4, 2015",44.55,45.26,43.35,45.26,367971888
278,"Apr 30, 2015",44.50,45.14,44.00,44.32,468195548
279,Date,Open,High,Low,Close,Volume
280,"Apr 29, 2015",43.40,44.22,42.99,43.74,366053226
281,"Apr 28, 2015",43.10,44.06,42.32,43.04,408171910
282,"Apr 27, 2015",42.85,43.48,42.58,43.16,349078810
283,"Apr 24, 2015",43.10,43.40,41.95,42.42,468011274
284,"Apr 23, 2015",45.12,45.15,43.72,44.04,351014106
285,"Apr 22, 2015",44.40,45.34,44.16,45.06,353371704
286,"Apr 21, 2015",43.25,44.15,42.52,44.00,368952794
287,"Apr 20, 2015",44.11,44.96,42.58,42.78,478401088
288,"Apr 17, 2015",46.20,46.70,44.64,44.98,457820694
289,"Apr 16, 2015",42.00,45.46,41.85,45.40,528503218
290,"Apr 15, 2015",42.26,43.62,41.96,42.24,328429514
291,"Apr 14, 2015",43.10,43.10,41.90,42.35,315689824
292,"Apr 13, 2015",43.90,44.39,43.05,43.11,459336368
293,"Apr 10, 2015",40.79,43.14,40.66,43.14,512502138
294,"Apr 9, 2015",41.36,42.72,40.56,40.74,507479340
295,"Apr 8, 2015",40.64,41.98,39.75,41.20,554415616
296,"Apr 7, 2015",39.60,40.64,39.25,40.58,429596556
297,"Apr 3, 2015",38.84,39.49,38.70,39.36,258001712
298,"Apr 2, 2015",39.94,39.96,38.52,39.02,338041998
299,"Apr 1, 2015",39.58,40.06,39.15,39.57,365022124
300,"Mar 31, 2015",41.09,41.40,38.94,39.14,486231672
301,"Mar 30, 2015",38.99,40.10,38.50,39.99,470057992
302,"Mar 27, 2015",39.08,39.12,38.15,38.36,243902936
303,"Mar 26, 2015",37.40,39.94,36.92,39.07,516674458
304,"Mar 25, 2015",37.70,38.35,37.20,37.54,332953892
305,"Mar 24, 2015",38.96,38.97,37.68,37.88,422490600
306,"Mar 23, 2015",39.58,39.75,38.69,38.98,385496254
307,"Mar 20, 2015",39.40,40.00,38.70,39.20,595226160
308,"Mar 19, 2015",38.38,38.38,37.45,37.88,315738810
309,"Mar 18, 2015",37.82,38.74,37.44,38.70,382288808
310,Date,Open,High,Low,Close,Volume
311,"Mar 17, 2015",37.50,37.82,36.95,37.28,450237538
312,"Mar 16, 2015",34.93,36.76,34.50,36.74,441466970
313,"Mar 13, 2015",34.61,35.35,34.18,34.50,256323822
314,"Mar 12, 2015",33.60,34.74,33.26,34.40,315517762
315,"Mar 11, 2015",33.00,33.80,32.92,33.10,214157114
316,"Mar 10, 2015",32.90,33.06,32.46,32.83,166071524
317,"Mar 9, 2015",32.18,33.38,31.56,33.16,288700274
318,"Mar 6, 2015",32.62,32.84,32.45,32.50,158810886
319,"Mar 5, 2015",33.00,33.08,32.40,32.59,296753214
320,"Mar 4, 2015",33.58,33.85,33.25,33.48,209203550
321,"Mar 3, 2015",34.64,34.65,33.48,33.57,281991302
322,"Mar 2, 2015",35.50,35.58,34.58,34.94,267739142
323,"Feb 27, 2015",35.08,35.60,34.86,35.15,190865230
324,"Feb 26, 2015",34.00,35.08,33.50,35.00,235727116
325,"Feb 25, 2015",35.18,35.20,33.84,34.12,208092404
326,"Feb 17, 2015",35.29,35.72,35.19,35.30,189969296
327,"Feb 16, 2015",35.10,35.72,34.88,35.15,192332908
328,"Feb 13, 2015",35.17,35.66,34.88,34.98,218454782
329,"Feb 12, 2015",35.05,35.25,34.32,34.94,167404342
330,"Feb 11, 2015",34.45,35.32,34.24,35.06,212409146
331,"Feb 10, 2015",33.75,34.48,33.60,34.24,196124462
332,"Feb 9, 2015",33.10,34.55,33.00,34.00,282331994
333,"Feb 6, 2015",32.95,34.04,32.76,33.16,297367188
334,"Feb 5, 2015",35.00,35.00,32.90,32.98,365907612
335,"Feb 4, 2015",34.64,35.16,33.69,33.75,255761230
336,"Feb 3, 2015",33.59,35.25,33.00,34.56,381434408
337,"Feb 2, 2015",33.15,33.88,32.98,33.12,304440510
338,"Jan 30, 2015",35.35,35.92,34.40,34.65,278776540
339,"Jan 29, 2015",35.50,35.83,34.90,35.22,312613436
340,"Jan 28, 2015",36.44,36.80,35.95,36.15,256070998
341,Date,Open,High,Low,Close,Volume
342,"Jan 27, 2015",38.06,38.72,35.92,36.97,437121210
343,"Jan 26, 2015",38.15,38.22,37.35,37.70,277721270
344,"Jan 23, 2015",38.00,39.80,37.74,38.38,468746414
345,"Jan 22, 2015",38.64,38.85,37.26,37.74,429408846
346,"Jan 21, 2015",35.65,38.78,35.54,38.75,585160140
347,"Jan 20, 2015",35.15,36.06,34.25,35.34,530232784
348,"Jan 19, 2015",35.24,36.72,35.23,35.23,580069890
349,"Jan 16, 2015",39.70,40.70,38.96,39.12,463501726
350,"Jan 15, 2015",37.00,39.72,36.85,39.41,515807572
351,"Jan 14, 2015",37.63,37.94,36.54,36.95,291821144
352,"Jan 13, 2015",37.65,38.49,37.00,37.57,301848710
353,"Jan 12, 2015",36.99,38.12,36.15,37.59,531254290
354,"Jan 9, 2015",35.60,39.09,35.36,36.48,623746804
355,"Jan 8, 2015",37.25,37.46,35.40,35.58,357761830
356,"Jan 7, 2015",36.65,37.75,36.25,36.72,340773768
357,"Jan 6, 2015",37.19,38.38,36.00,36.88,468455938
358,"Jan 5, 2015",38.90,39.40,37.62,38.09,487143546
359,"Dec 31, 2014",36.75,37.44,36.14,37.38,399089836
360,"Dec 30, 2014",35.08,36.99,34.88,36.50,436108602
361,"Dec 29, 2014",35.26,37.11,34.05,35.50,728453582
362,"Dec 26, 2014",32.00,34.06,31.80,33.88,529565212
363,"Dec 25, 2014",30.60,31.94,30.15,31.70,438103894
364,"Dec 24, 2014",32.73,32.94,29.95,30.35,468883074
365,"Dec 23, 2014",32.34,35.10,31.76,32.70,459004472
366,"Dec 22, 2014",32.60,34.15,32.30,32.90,435751000
367,"Dec 19, 2014",33.44,33.44,31.25,32.47,349496548
368,"Dec 18, 2014",32.50,33.99,32.00,32.85,510282662
369,"Dec 17, 2014",31.82,32.40,30.86,31.90,512454026
370,"Dec 16, 2014",29.34,31.60,29.10,31.54,522370292
371,"Dec 15, 2014",28.49,29.10,28.26,29.00,257315434
372,Date,Open,High,Low,Close,Volume
373,"Dec 12, 2014",28.56,29.58,28.41,28.56,305649254
374,"Dec 11, 2014",29.00,29.71,28.30,28.44,342859738
375,"Dec 10, 2014",30.00,30.50,28.22,29.82,541243930
376,"Dec 9, 2014",31.20,33.56,29.18,29.74,833309002
377,"Dec 8, 2014",29.55,32.49,29.00,32.42,597085232
378,"Dec 5, 2014",30.41,31.50,28.51,29.59,622422870
379,"Dec 4, 2014",27.52,30.12,27.29,30.02,486807280
380,"Dec 3, 2014",27.35,28.60,26.88,27.51,490857722
381,"Dec 2, 2014",25.25,27.69,25.18,27.15,425952804
382,"Dec 1, 2014",26.50,26.92,25.30,25.39,477329158
383,"Nov 28, 2014",24.44,24.96,24.06,24.81,339297412
384,"Nov 27, 2014",24.35,24.85,24.10,24.42,383235616
385,"Nov 26, 2014",23.00,24.08,22.95,23.94,324412318
386,"Nov 25, 2014",22.90,23.08,22.81,22.93,176616410
387,"Nov 24, 2014",22.44,23.30,22.30,22.93,455500548
388,"Nov 21, 2014",21.40,22.10,21.20,22.02,182009070
389,"Nov 20, 2014",21.22,21.72,21.14,21.46,106745138
390,"Nov 19, 2014",21.30,21.46,21.22,21.29,73597012
391,"Nov 18, 2014",21.68,21.78,21.20,21.30,122958252
392,"Nov 17, 2014",22.92,22.94,21.68,21.72,194135220
393,"Nov 14, 2014",22.05,22.30,21.78,22.26,157511796
394,"Nov 13, 2014",22.06,22.44,21.94,22.16,266670092
395,"Nov 12, 2014",21.49,21.94,21.38,21.91,158477544
396,"Nov 11, 2014",21.58,22.16,21.42,21.53,432957600
397,"Nov 10, 2014",21.60,21.75,21.20,21.46,215712814
398,"Nov 6, 2014",21.27,21.34,20.98,21.06,100491304
399,"Nov 5, 2014",21.29,21.36,21.12,21.26,60093762
400,"Nov 4, 2014",21.47,21.48,21.21,21.28,81061368
401,"Nov 3, 2014",21.60,21.79,21.35,21.44,109893884
402,"Oct 31, 2014",21.12,21.73,21.08,21.50,193380666
403,Date,Open,High,Low,Close,Volume
404,"Oct 30, 2014",20.99,21.08,20.80,21.03,92483242
405,"Oct 29, 2014",20.75,21.10,20.66,21.02,170318680
406,"Oct 28, 2014",20.08,20.37,20.08,20.36,84560998
407,"Oct 27, 2014",20.28,20.32,19.98,20.06,82652418
408,"Oct 24, 2014",20.56,20.66,20.51,20.54,59984766
409,"Oct 23, 2014",20.66,20.92,20.54,20.58,99083666
410,"Oct 22, 2014",20.57,20.95,20.51,20.70,102928136
411,"Oct 21, 2014",20.62,20.76,20.46,20.48,62432202
412,"Oct 20, 2014",20.70,20.88,20.56,20.64,68848878
413,"Oct 17, 2014",20.62,20.72,20.40,20.58,63881392
414,"Oct 16, 2014",20.50,20.83,20.42,20.56,73809022
415,"Oct 15, 2014",20.44,20.68,20.34,20.67,70845862
416,"Oct 14, 2014",20.43,20.58,20.32,20.38,56659356
417,"Oct 13, 2014",20.58,20.60,20.32,20.45,80360762
418,"Oct 10, 2014",20.86,20.86,20.65,20.69,70297890
419,"Oct 9, 2014",20.94,21.14,20.90,20.94,71044362
420,"Oct 8, 2014",20.75,20.94,20.64,20.94,76921888
421,"Sep 30, 2014",20.84,20.85,20.65,20.68,88836264
422,"Sep 29, 2014",20.99,21.00,20.68,20.80,73915960
423,"Sep 26, 2014",20.93,20.98,20.74,20.90,46828318
424,"Sep 25, 2014",21.26,21.34,20.92,20.98,65477526
425,"Sep 24, 2014",20.53,21.20,20.53,21.18,103757116
426,"Sep 23, 2014",20.54,20.68,20.46,20.65,56487894
427,"Sep 22, 2014",21.10,21.10,20.50,20.52,96430230
428,"Sep 19, 2014",21.02,21.23,20.98,21.19,64352844
429,"Sep 18, 2014",20.92,21.10,20.86,21.01,52701784
430,"Sep 17, 2014",21.05,21.05,20.90,20.96,52557466
431,"Sep 16, 2014",21.17,21.22,20.90,20.92,83852278
432,"Sep 15, 2014",21.28,21.30,21.02,21.13,92022338
433,"Sep 12, 2014",21.35,21.46,21.26,21.44,46285554
434,Date,Open,High,Low,Close,Volume
435,"Sep 11, 2014",21.54,21.88,21.40,21.51,77012650
436,"Sep 10, 2014",21.68,21.68,21.45,21.58,57434264
437,"Sep 9, 2014",22.04,22.22,21.77,21.81,64246974
438,"Sep 5, 2014",22.06,22.28,21.88,22.08,86847864
439,"Sep 4, 2014",21.76,22.02,21.68,22.00,93445514
440,"Sep 3, 2014",21.52,21.80,21.52,21.70,91317916
441,"Sep 2, 2014",21.38,21.51,21.18,21.50,78467312
442,"Sep 1, 2014",21.30,21.40,21.22,21.32,51904584
443,"Aug 29, 2014",21.18,21.28,21.06,21.24,40443238
444,"Aug 28, 2014",21.23,21.32,21.03,21.08,37706872
445,"Aug 27, 2014",21.27,21.32,21.15,21.21,34334280
446,"Aug 26, 2014",21.12,21.28,21.03,21.19,41221694
447,"Aug 25, 2014",21.40,21.42,21.10,21.12,50559066
448,"Aug 22, 2014",21.26,21.45,21.24,21.42,65039134
449,"Aug 21, 2014",21.46,21.57,21.05,21.26,74016038
450,"Aug 20, 2014",21.60,21.64,21.37,21.45,85272162
451,"Aug 19, 2014",21.90,21.95,21.48,21.66,70299794
452,"Aug 18, 2014",21.95,22.06,21.75,21.84,63137074
453,"Aug 15, 2014",21.62,22.02,21.54,21.92,80515714
454,"Aug 14, 2014",22.00,22.09,21.52,21.59,88394824
455,"Aug 13, 2014",21.50,21.90,21.42,21.87,92916286
456,"Aug 12, 2014",21.72,21.72,21.36,21.50,70609698
457,"Aug 11, 2014",21.50,21.88,21.46,21.78,90758710
458,"Aug 8, 2014",21.57,21.63,21.30,21.41,74485410
459,"Aug 7, 2014",21.88,21.90,21.44,21.51,80116784
460,"Aug 6, 2014",22.09,22.09,21.62,21.82,84969294
461,"Aug 5, 2014",22.50,22.55,22.05,22.24,73635056
462,"Aug 4, 2014",21.95,22.57,21.78,22.56,99547128
463,"Aug 1, 2014",22.28,22.44,21.85,21.86,85381542
464,"Jul 31, 2014",21.98,22.35,21.69,22.31,90384574
465,Date,Open,High,Low,Close,Volume
466,"Jul 30, 2014",21.85,22.16,21.75,21.92,113328158
467,"Jul 29, 2014",21.85,22.08,21.68,21.97,73863286
468,"Jul 28, 2014",21.38,22.04,21.36,21.90,167208334
469,"Jul 25, 2014",21.15,21.38,21.06,21.22,70932480
470,"Jul 24, 2014",20.58,21.24,20.58,21.08,136171620
471,"Jul 23, 2014",20.10,20.71,20.10,20.54,111473478
472,"Jul 22, 2014",19.82,20.22,19.82,20.11,87789930
473,"Jul 21, 2014",19.92,20.08,19.88,19.93,38444918
474,"Jul 18, 2014",19.88,20.10,19.78,19.91,47510150
475,"Jul 17, 2014",19.85,19.98,19.80,19.96,37559114
476,"Jul 16, 2014",19.96,20.15,19.80,19.86,41279400
477,"Jul 15, 2014",19.98,20.12,19.87,19.96,46642068
478,"Jul 14, 2014",19.72,20.00,19.71,19.98,30606592
479,"Jul 11, 2014",19.79,19.84,19.65,19.70,25292114
480,"Jul 10, 2014",19.94,20.00,19.61,19.70,55507686
481,"Jul 9, 2014",20.00,20.23,19.85,19.85,48284616
482,"Jul 8, 2014",19.99,20.05,19.92,20.04,24397450
483,"Jul 7, 2014",19.94,20.10,19.86,20.02,32844684
484,"Jul 4, 2014",19.78,20.06,19.78,19.94,41150036
485,"Jul 3, 2014",19.74,19.88,19.68,19.78,37415652
486,"Jul 2, 2014",19.66,19.81,19.60,19.72,35962168
487,"Jul 1, 2014",19.76,19.82,19.56,19.64,31061724
488,"Jun 30, 2014",19.46,19.77,19.45,19.66,33644500
489,"Jun 27, 2014",19.64,19.64,19.37,19.44,47639424
490,"Jun 26, 2014",19.74,19.86,19.72,19.86,26861080
491,"Jun 25, 2014",19.88,19.88,19.62,19.72,35318060
492,"Jun 24, 2014",19.84,19.92,19.66,19.88,49856376
493,"Jun 23, 2014",20.00,20.22,19.80,19.84,45072758
494,"Jun 20, 2014",19.96,20.06,19.86,20.00,30571182
495,"Jun 19, 2014",20.20,20.23,19.86,19.90,48648856
496,Date,Open,High,Low,Close,Volume
497,"Jun 18, 2014",20.22,20.30,20.08,20.14,40828024
498,"Jun 17, 2014",20.42,20.42,20.07,20.20,60297806
499,"Jun 16, 2014",20.40,20.58,20.33,20.42,77410060
500,"Jun 13, 2014",20.00,20.50,19.95,20.42,94093050
501,"Jun 12, 2014",20.04,20.16,19.94,19.99,76138662
502,"Jun 11, 2014",20.12,20.19,19.92,20.07,60543422
503,"Jun 10, 2014",19.88,20.24,19.88,20.22,86216112
504,"Jun 9, 2014",19.63,20.02,19.62,19.84,53498870
505,"Jun 6, 2014",19.89,19.92,19.62,19.73,42416862
506,"Jun 5, 2014",19.62,19.94,19.59,19.90,68027296
507,"Jun 4, 2014",19.92,19.92,19.54,19.66,49292578
508,"Jun 3, 2014",19.98,20.14,19.94,19.95,53535264
509,"May 30, 2014",20.04,20.06,19.86,19.92,36192394
510,"May 29, 2014",19.96,20.20,19.76,19.98,53846722
511,"May 28, 2014",19.62,19.95,19.54,19.92,50942328
512,"May 27, 2014",19.60,19.74,19.55,19.62,43716628
513,"May 26, 2014",19.79,19.88,19.50,19.64,31121108
514,"May 23, 2014",19.56,19.70,19.56,19.70,35891312
515,"May 22, 2014",19.58,19.86,19.56,19.56,37017476
516,"May 21, 2014",19.34,19.62,19.24,19.58,33700078
517,"May 20, 2014",19.48,19.54,19.33,19.38,32064780
518,"May 19, 2014",19.75,19.76,19.26,19.36,49258150
519,"May 16, 2014",19.85,19.86,19.50,19.80,27819528
520,"May 15, 2014",19.98,20.03,19.76,19.84,27100882
521,"May 14, 2014",19.99,20.12,19.90,19.96,31639898
522,"May 13, 2014",20.04,20.20,19.87,19.96,30393608
523,"May 12, 2014",19.81,20.14,19.76,20.02,56029264
524,"May 9, 2014",19.75,19.78,19.56,19.64,22249464
525,"May 8, 2014",19.65,20.16,19.58,19.68,40064152
526,"May 7, 2014",19.64,19.82,19.57,19.68,56203908
527,Date,Open,High,Low,Close,Volume
528,"May 6, 2014",19.52,19.90,19.51,19.76,37139964
529,"May 5, 2014",19.49,19.72,19.39,19.60,58825954
530,"Apr 30, 2014",19.68,19.68,19.49,19.58,25943478
531,"Apr 29, 2014",19.26,19.68,19.26,19.54,40546868
532,"Apr 28, 2014",19.40,19.58,19.00,19.05,40474664
533,"Apr 25, 2014",19.72,19.79,19.46,19.50,34553562
534,"Apr 24, 2014",19.50,19.82,19.45,19.78,73099490
535,"Apr 23, 2014",19.55,19.74,19.44,19.48,34819158
536,"Apr 22, 2014",19.44,19.65,19.32,19.63,37089544
537,"Apr 21, 2014",19.62,19.90,19.41,19.46,39234728
538,"Apr 18, 2014",19.69,19.92,19.54,19.79,32677588
539,"Apr 17, 2014",20.17,20.22,19.78,19.80,36867406
540,"Apr 16, 2014",20.00,20.24,19.91,20.10,38726394
541,"Apr 15, 2014",20.29,20.35,19.95,20.02,67233604
542,"Apr 14, 2014",20.60,20.72,20.26,20.40,70327320
543,"Apr 11, 2014",21.15,21.16,20.48,20.60,180573576
544,"Apr 10, 2014",19.75,21.60,19.56,21.15,266405292
545,"Apr 9, 2014",19.94,20.00,19.64,19.74,71425826
546,"Apr 8, 2014",19.40,20.08,19.38,19.94,106889506
547,"Apr 4, 2014",19.16,19.50,19.10,19.46,38182360
548,"Apr 3, 2014",19.34,19.72,19.27,19.28,83440738
549,"Apr 2, 2014",18.88,19.26,18.80,19.25,85666178
550,"Apr 1, 2014",18.78,19.12,18.72,18.84,67068188
551,"Mar 31, 2014",18.74,18.88,18.64,18.77,43282224
552,"Mar 28, 2014",18.50,18.75,18.48,18.62,41579008
553,"Mar 27, 2014",18.56,18.72,18.33,18.60,57184454
554,"Mar 26, 2014",18.66,18.78,18.52,18.60,45964648
555,"Mar 25, 2014",18.78,18.94,18.52,18.57,48755928
556,"Mar 24, 2014",18.80,18.98,18.68,18.88,82274108
557,"Mar 21, 2014",17.96,18.85,17.95,18.76,101624918
558,Date,Open,High,Low,Close,Volume
559,"Mar 20, 2014",18.00,18.48,17.86,18.04,70381728
560,"Mar 19, 2014",18.11,18.18,17.76,18.00,39725744
561,"Mar 18, 2014",18.44,18.44,18.16,18.18,28238220
562,"Mar 17, 2014",18.47,18.55,18.31,18.42,52009774
563,"Mar 14, 2014",18.30,18.49,18.26,18.34,43751636
564,"Mar 13, 2014",18.26,18.56,18.16,18.37,40996876
565,"Mar 12, 2014",18.05,18.34,18.05,18.17,37762556
566,"Mar 11, 2014",18.02,18.24,17.99,18.10,36099786
567,"Mar 10, 2014",18.54,18.54,18.04,18.08,55370896
568,"Mar 7, 2014",18.78,19.04,18.65,18.74,37889008
569,"Mar 6, 2014",18.75,19.08,18.52,18.92,51237462
570,"Mar 5, 2014",19.08,19.08,18.76,18.83,45874710
571,"Mar 4, 2014",18.96,19.20,18.77,18.98,45185164
572,"Mar 3, 2014",19.14,19.18,18.86,18.97,59187168
573,"Feb 28, 2014",18.95,19.28,18.90,19.25,66462720
574,"Feb 27, 2014",18.84,19.14,18.62,18.99,70220266
575,"Feb 26, 2014",18.68,18.85,18.62,18.74,54349848
576,"Feb 25, 2014",19.35,19.38,18.68,18.80,101522324
577,"Feb 24, 2014",19.26,19.50,19.06,19.40,88701034
578,"Feb 21, 2014",19.30,19.53,19.18,19.51,59934222
579,"Feb 20, 2014",19.62,19.82,19.25,19.30,58439118
580,"Feb 19, 2014",19.34,19.71,19.21,19.56,67273592
581,"Feb 18, 2014",19.69,19.70,19.30,19.34,65945684
582,"Feb 17, 2014",19.80,19.89,19.54,19.74,55278522
583,"Feb 14, 2014",19.45,19.65,19.44,19.54,36751874
584,"Feb 13, 2014",19.62,19.74,19.25,19.48,63620868
585,"Feb 12, 2014",19.85,19.92,19.52,19.62,49604868
586,"Feb 11, 2014",19.49,20.00,19.36,19.78,84998882
587,"Feb 10, 2014",19.16,19.59,19.16,19.54,83017542
588,"Feb 7, 2014",19.30,19.32,18.95,19.10,76071686
589,Date,Open,High,Low,Close,Volume
590,"Jan 30, 2014",19.50,19.58,19.32,19.58,54327788
591,"Jan 29, 2014",19.65,19.70,19.52,19.64,38079180
592,"Jan 28, 2014",19.55,19.66,19.39,19.58,54592640
593,"Jan 27, 2014",19.99,19.99,19.34,19.50,119112710
594,"Jan 24, 2014",20.31,20.70,20.25,20.27,60354766
595,"Jan 23, 2014",20.80,20.88,20.40,20.50,63655678
596,"Jan 22, 2014",20.66,21.07,20.58,20.92,67064200
597,"Jan 21, 2014",20.40,20.96,20.40,20.68,53300144
598,"Jan 20, 2014",20.30,20.65,20.26,20.38,40481146
599,"Jan 17, 2014",20.52,20.64,20.25,20.42,59683934
600,"Jan 16, 2014",19.88,20.82,19.84,20.62,106847656
601,"Jan 15, 2014",19.96,20.02,19.65,19.85,29271640
602,"Jan 14, 2014",19.75,20.11,19.53,20.00,43032368
603,"Jan 13, 2014",19.86,20.06,19.49,19.75,49538326
604,"Jan 10, 2014",19.98,20.08,19.74,19.79,38878724
605,"Jan 9, 2014",20.25,20.44,19.85,19.97,53817040
606,"Jan 8, 2014",20.10,20.44,19.94,20.32,55014540
607,"Jan 7, 2014",19.82,20.14,19.82,20.05,43928144
608,"Jan 6, 2014",20.09,20.48,19.45,20.14,96767848
609,"Jan 3, 2014",20.35,20.45,20.04,20.14,52164228
610,"Jan 2, 2014",20.80,20.80,20.33,20.64,45629278
611,"Dec 31, 2013",20.35,20.93,20.30,20.80,70106206
612,"Dec 30, 2013",20.61,20.75,20.40,20.40,49618838
613,"Dec 27, 2013",19.90,20.60,19.80,20.42,67845294
614,"Dec 26, 2013",19.96,20.00,19.70,19.79,34052062
615,"Dec 25, 2013",19.94,20.16,19.75,20.04,29089164
616,"Dec 24, 2013",19.87,20.20,19.76,19.94,49094548
617,"Dec 23, 2013",19.58,19.96,19.37,19.76,45608444
618,"Dec 20, 2013",20.40,20.61,19.30,19.48,108262470
619,"Dec 19, 2013",21.10,21.20,20.42,20.46,62587868
620,Date,Open,High,Low,Close,Volume
621,"Dec 18, 2013",20.88,21.10,20.82,20.92,42754176
622,"Dec 17, 2013",21.01,21.11,20.58,20.98,49448476
623,"Dec 16, 2013",21.09,21.34,20.88,21.00,76676912
624,"Dec 13, 2013",20.50,21.18,20.38,21.18,77820670
625,"Dec 12, 2013",20.74,20.98,20.50,20.78,70023702
626,"Dec 11, 2013",21.41,21.41,20.74,20.87,92030584
627,"Dec 10, 2013",21.49,21.75,21.43,21.60,73794018
628,"Dec 9, 2013",21.80,21.96,21.25,21.46,132670114
629,"Dec 6, 2013",22.06,22.25,21.22,21.46,130384246
630,"Dec 5, 2013",22.10,22.25,21.94,22.00,85009712
631,"Dec 4, 2013",21.42,22.33,21.36,22.14,125747006
632,"Dec 3, 2013",21.30,21.68,20.96,21.50,109221462
633,"Dec 2, 2013",20.72,21.65,20.72,21.44,160544588
634,"Nov 29, 2013",20.80,20.90,20.60,20.78,64329104
635,"Nov 28, 2013",20.80,21.19,20.72,20.75,101224958
636,"Nov 27, 2013",20.28,20.99,20.16,20.72,110987956
637,"Nov 26, 2013",20.30,20.45,20.08,20.29,64382940
638,"Nov 25, 2013",20.00,20.92,19.84,20.20,126765194
639,"Nov 22, 2013",20.06,20.20,19.78,20.04,146589520
640,"Nov 21, 2013",20.40,20.42,19.75,20.00,159700234
641,"Nov 20, 2013",20.60,20.68,20.20,20.50,155728974
642,"Nov 19, 2013",20.55,20.94,20.30,20.38,192241198
643,"Nov 18, 2013",19.44,20.70,19.22,20.56,298574460
644,"Nov 15, 2013",18.39,19.22,18.39,19.08,164337658
645,"Nov 14, 2013",18.20,18.50,18.18,18.30,64177664
646,"Nov 13, 2013",18.45,18.55,18.10,18.14,76232136
647,"Nov 12, 2013",18.26,18.74,18.26,18.68,93931276
648,"Nov 11, 2013",18.00,18.22,17.98,18.12,55216258
649,"Nov 8, 2013",18.12,18.34,18.03,18.05,50910748
650,"Nov 7, 2013",18.40,18.48,18.15,18.28,41996394
651,Date,Open,High,Low,Close,Volume
652,"Nov 6, 2013",18.26,18.50,18.22,18.30,35919044
653,"Nov 5, 2013",18.50,18.50,18.03,18.38,55697322
654,"Nov 4, 2013",18.85,18.97,18.50,18.58,44762634
655,"Nov 1, 2013",18.41,19.00,18.41,18.79,76697960
656,"Oct 31, 2013",18.64,18.66,18.38,18.40,63879630
657,"Oct 30, 2013",18.40,18.74,18.30,18.70,84158020
658,"Oct 29, 2013",17.88,18.57,17.80,18.38,123914156
659,"Oct 28, 2013",17.94,18.00,17.68,17.80,44798526
660,"Oct 25, 2013",17.58,17.72,17.40,17.63,60692560
661,"Oct 24, 2013",17.78,17.78,17.48,17.50,53422920
662,"Oct 23, 2013",17.87,18.14,17.74,17.80,61672458
663,"Oct 22, 2013",18.00,18.03,17.74,17.84,51627474
664,"Oct 21, 2013",17.85,18.11,17.65,18.04,57098950
665,"Oct 18, 2013",17.82,18.04,17.76,17.84,40650756
666,"Oct 17, 2013",18.07,18.11,17.78,17.78,32402644
667,"Oct 16, 2013",18.41,18.41,17.80,17.94,58800382
668,"Oct 15, 2013",18.50,18.55,18.30,18.42,51242376
669,"Oct 14, 2013",18.22,18.72,18.04,18.46,97580782
670,"Oct 11, 2013",17.92,18.20,17.84,18.20,77508972
671,"Oct 10, 2013",18.15,18.16,17.68,17.75,55442504
672,"Oct 9, 2013",17.88,18.16,17.75,18.09,56440780
673,"Oct 8, 2013",17.70,18.05,17.64,17.95,57035398
674,"Sep 30, 2013",17.97,18.08,17.78,17.84,39109038
675,"Sep 27, 2013",17.80,17.99,17.79,17.90,41770192
676,"Sep 26, 2013",18.25,18.25,17.74,17.80,71708988
677,"Sep 25, 2013",18.40,18.60,18.24,18.36,44484626
678,"Sep 24, 2013",19.00,19.00,18.20,18.40,88642984
679,"Sep 23, 2013",18.97,19.26,18.94,19.09,58155994
680,"Sep 18, 2013",18.85,19.08,18.80,18.88,55821156
681,"Sep 17, 2013",18.95,19.56,18.80,18.85,113106358
682,Date,Open,High,Low,Close,Volume
683,"Sep 16, 2013",19.02,19.13,18.65,18.98,76144248
684,"Sep 13, 2013",19.18,19.39,18.76,18.80,99008550
685,"Sep 12, 2013",19.00,19.75,18.76,19.32,147855182
686,"Sep 11, 2013",19.32,19.90,19.04,19.06,136285152
687,"Sep 10, 2013",18.90,19.12,18.74,19.10,96726928
688,"Sep 9, 2013",17.90,19.00,17.90,18.82,186675054
689,"Sep 6, 2013",17.80,18.01,17.74,17.88,52705426
690,"Sep 5, 2013",17.90,18.03,17.80,17.82,44633766
691,"Sep 4, 2013",18.04,18.05,17.80,17.87,55608260
692,"Sep 3, 2013",17.69,18.10,17.67,18.04,99243674
693,"Sep 2, 2013",17.50,17.83,17.50,17.60,95362980
694,"Aug 30, 2013",17.05,17.76,17.02,17.44,117256678
695,"Aug 29, 2013",16.96,17.04,16.78,16.88,34472756
696,"Aug 28, 2013",16.99,17.04,16.76,16.89,56477512
697,"Aug 27, 2013",17.22,17.23,17.04,17.16,38946504
698,"Aug 26, 2013",16.98,17.30,16.80,17.24,51827758
699,"Aug 23, 2013",17.23,17.25,16.70,16.90,50424586
700,"Aug 22, 2013",17.07,17.37,17.05,17.06,39653864
701,"Aug 21, 2013",17.12,17.33,16.94,17.13,35877382
702,"Aug 20, 2013",17.16,17.56,17.00,17.10,58334990
703,"Aug 19, 2013",17.02,17.34,16.83,17.28,70591964
704,"Aug 16, 2013",17.25,18.22,16.95,17.18,130377776
705,"Aug 15, 2013",17.36,17.67,17.30,17.32,46295984
706,"Aug 14, 2013",17.38,17.78,17.36,17.44,73838320
707,"Aug 13, 2013",17.38,17.56,17.22,17.42,76721516
708,"Aug 12, 2013",16.62,17.27,16.55,17.25,101644214
709,"Aug 9, 2013",16.58,16.62,16.34,16.52,35599862
710,"Aug 8, 2013",16.38,16.68,16.30,16.45,40802502
711,"Aug 7, 2013",16.44,16.66,16.35,16.38,60751328
712,"Aug 6, 2013",16.48,16.63,16.25,16.50,65962486
713,Date,Open,High,Low,Close,Volume
714,"Aug 5, 2013",16.22,16.50,16.12,16.49,59492372
715,"Aug 2, 2013",16.44,16.52,16.15,16.16,51730714
716,"Aug 1, 2013",16.08,16.40,16.06,16.33,62558244
717,"Jul 31, 2013",16.15,16.32,15.99,16.04,55465758
718,"Jul 30, 2013",15.98,16.34,15.95,16.06,71541542
719,"Jul 29, 2013",16.11,16.22,15.84,16.02,76574900
720,"Jul 26, 2013",16.25,16.36,16.02,16.29,75311184
721,"Jul 25, 2013",16.55,16.66,16.32,16.34,64099522
722,"Jul 24, 2013",16.75,16.83,16.34,16.48,75615740
723,"Jul 23, 2013",16.70,17.12,16.58,16.91,74333196
724,"Jul 22, 2013",16.46,16.75,16.36,16.65,60242106
725,"Jul 19, 2013",16.77,16.99,16.34,16.54,80832668
726,"Jul 18, 2013",17.03,17.14,16.75,16.78,51015510
727,"Jul 17, 2013",17.52,17.62,17.17,17.19,48701722
728,"Jul 16, 2013",17.55,17.64,17.31,17.51,44477158
729,"Jul 15, 2013",17.65,18.12,17.44,17.63,67505314
730,"Jul 12, 2013",18.08,18.08,17.50,17.50,81676374
731,"Jul 11, 2013",17.20,18.66,17.14,18.12,142024232
732,"Jul 10, 2013",16.82,17.18,16.54,17.16,77815736
733,"Jul 9, 2013",16.90,16.98,16.80,16.86,23500978
734,"Jul 8, 2013",17.00,17.04,16.75,16.92,51308896
735,"Jul 5, 2013",17.14,17.30,17.01,17.30,58068544
736,"Jul 4, 2013",16.83,17.16,16.70,17.08,60369208
737,"Jul 3, 2013",17.08,17.08,16.75,16.90,48429554
738,"Jul 2, 2013",17.19,17.25,16.85,17.14,53934614
739,"Jul 1, 2013",17.20,17.31,16.76,17.28,44273106
740,"Jun 28, 2013",17.00,17.74,16.91,17.36,52811250
741,"Jun 27, 2013",17.15,17.39,16.82,17.10,66627374
742,"Jun 26, 2013",17.32,17.35,16.66,17.30,74233784
743,"Jun 25, 2013",17.19,17.42,16.25,17.26,103073902
744,Date,Open,High,Low,Close,Volume
745,"Jun 24, 2013",18.30,18.32,17.24,17.24,94967410
746,"Jun 21, 2013",17.95,18.74,17.82,18.56,68695502
747,"Jun 20, 2013",18.80,18.80,18.14,18.20,58738920
748,"Jun 19, 2013",19.02,19.02,18.78,18.88,78233004
749,"Jun 18, 2013",18.78,19.12,18.76,19.09,79390906
750,"Jun 17, 2013",18.60,18.92,18.44,18.81,63829652
751,"Jun 14, 2013",18.43,18.50,18.30,18.45,73883698
752,"Jun 13, 2013",18.64,18.64,18.15,18.27,139112626
753,"Jun 7, 2013",19.32,19.41,18.88,18.90,47453608
754,"Jun 6, 2013",19.48,19.52,19.26,19.32,35123538
755,"Jun 5, 2013",19.58,19.64,19.44,19.55,26073886
756,"Jun 4, 2013",19.82,19.82,19.48,19.57,42387728
757,"Jun 3, 2013",19.82,20.05,19.74,19.82,42067324
758,"May 31, 2013",20.05,20.16,19.78,19.82,37028682
759,"May 30, 2013",20.04,20.22,19.89,20.04,49210476
760,"May 29, 2013",20.43,20.53,20.08,20.12,66081590
761,"May 28, 2013",19.75,20.40,19.68,20.37,68814212
762,"May 27, 2013",19.76,19.97,19.66,19.74,34522094
763,"May 24, 2013",19.90,20.00,19.55,19.79,44423672
764,"May 23, 2013",20.25,20.25,19.74,19.75,63776106
765,"May 22, 2013",20.28,20.50,20.15,20.31,32792094
766,"May 21, 2013",20.45,20.56,20.10,20.28,48987816
767,"May 20, 2013",20.20,20.67,20.14,20.44,64808332
768,"May 17, 2013",19.94,20.33,19.86,20.22,67981272
769,"May 16, 2013",19.33,20.00,19.21,19.92,61927912
770,"May 15, 2013",19.56,19.64,19.18,19.34,65174712
771,"May 14, 2013",20.00,20.00,19.38,19.52,94223846
772,"May 13, 2013",20.42,20.54,20.00,20.10,50340958
773,"May 10, 2013",20.43,20.71,20.40,20.56,39045472
774,"May 9, 2013",20.90,20.92,20.46,20.52,41995702
775,Date,Open,High,Low,Close,Volume
776,"May 8, 2013",20.82,21.10,20.74,20.85,49550484
777,"May 7, 2013",20.70,20.86,20.58,20.66,38043698
778,"May 6, 2013",20.72,21.00,20.55,20.76,54738452
779,"May 3, 2013",20.15,20.72,20.10,20.54,65765004
780,"May 2, 2013",20.00,20.28,19.96,20.02,41820532
781,"Apr 26, 2013",20.12,20.20,19.88,19.90,37727422
782,"Apr 25, 2013",20.20,20.40,19.86,20.00,45589994
783,"Apr 24, 2013",20.02,20.58,19.95,20.20,67255228
784,"Apr 23, 2013",21.06,21.08,19.93,19.96,73315354
785,"Apr 22, 2013",21.20,21.27,20.92,20.98,63572762
786,"Apr 19, 2013",21.20,21.60,21.20,21.40,113709740
787,"Apr 18, 2013",20.75,21.16,20.68,21.12,61327258
788,"Apr 17, 2013",20.78,20.98,20.65,20.91,78299094
789,"Apr 16, 2013",20.00,20.77,19.96,20.77,50070034
790,"Apr 15, 2013",20.52,20.72,20.20,20.25,33065900
791,"Apr 12, 2013",20.60,20.77,20.50,20.56,23058226
792,"Apr 11, 2013",20.68,20.99,20.52,20.61,33729268
793,"Apr 10, 2013",20.55,20.84,20.42,20.65,75345336
794,"Apr 9, 2013",20.08,20.67,20.07,20.55,91086232
795,"Apr 8, 2013",20.00,20.12,19.64,20.00,92681932
796,"Apr 3, 2013",20.30,20.68,20.25,20.38,40493542
797,"Apr 2, 2013",20.38,20.72,20.13,20.26,53915572
798,"Apr 1, 2013",20.64,20.77,20.44,20.49,50178988
799,"Mar 29, 2013",20.54,21.04,20.28,20.74,36430938
800,"Mar 28, 2013",20.55,20.58,20.00,20.54,74140174
801,"Mar 27, 2013",21.10,21.38,21.03,21.10,52462866
802,"Mar 26, 2013",21.32,21.47,21.00,21.00,74864000
803,"Mar 25, 2013",21.76,21.90,21.26,21.42,39170146
804,"Mar 22, 2013",21.60,21.84,21.46,21.54,43327104
805,"Mar 21, 2013",21.54,21.84,21.46,21.58,46727968
806,Date,Open,High,Low,Close,Volume
807,"Mar 20, 2013",20.78,21.63,20.77,21.54,74103860
808,"Mar 19, 2013",20.34,20.82,20.34,20.80,44997734
809,"Mar 18, 2013",20.75,20.96,20.29,20.32,72337532
810,"Mar 15, 2013",21.00,21.90,20.78,20.99,84609506
811,"Mar 14, 2013",21.38,21.51,21.16,21.39,45098046
812,"Mar 13, 2013",21.60,21.68,21.22,21.32,58256434
813,"Mar 12, 2013",21.56,21.94,21.40,21.64,90426308
814,"Mar 11, 2013",21.86,22.08,21.54,21.60,70989896
815,"Mar 8, 2013",21.92,22.23,21.70,21.95,58048688
816,"Mar 7, 2013",22.00,22.10,21.48,21.78,64884478
817,"Mar 6, 2013",22.15,22.33,21.96,22.26,92591498
818,"Mar 5, 2013",21.48,22.05,21.18,21.96,96638164
819,"Mar 4, 2013",22.50,22.60,21.05,21.34,161174480
820,"Feb 28, 2013",22.88,23.54,22.60,23.54,104572152
821,"Feb 27, 2013",22.62,23.00,22.50,22.60,62689272
822,"Feb 26, 2013",22.66,23.16,22.42,22.50,85360194
823,"Feb 25, 2013",23.14,23.52,22.65,22.88,45025206
824,"Feb 22, 2013",23.25,23.35,22.90,22.98,40953078
825,"Feb 21, 2013",24.02,24.05,22.94,23.37,107645448
826,"Feb 20, 2013",24.35,24.48,24.02,24.40,52383306
827,"Feb 19, 2013",24.78,24.87,24.00,24.38,91069812
828,"Feb 18, 2013",26.02,26.12,24.68,24.78,85497506
829,"Feb 8, 2013",26.19,26.38,25.47,25.94,61631280
830,"Feb 7, 2013",26.20,26.54,25.64,26.24,94274934
831,"Feb 6, 2013",25.46,26.62,25.45,26.40,97197698
832,"Feb 5, 2013",25.35,25.75,24.92,25.33,85589140
833,"Feb 4, 2013",26.14,26.64,25.50,25.74,189928944
834,"Feb 1, 2013",24.00,25.54,23.80,25.40,221179874
835,"Jan 31, 2013",23.89,24.25,23.62,24.10,108352056
836,"Jan 30, 2013",23.66,24.30,23.48,23.80,111033976
837,Date,Open,High,Low,Close,Volume
838,"Jan 29, 2013",23.55,23.83,22.90,23.37,81352528
839,"Jan 28, 2013",22.70,23.58,22.65,23.35,94751816
840,"Jan 25, 2013",23.28,23.45,22.50,22.79,53038140
841,"Jan 24, 2013",23.30,23.99,23.14,23.26,91630646
842,"Jan 23, 2013",23.10,23.46,22.96,23.22,47027028
843,"Jan 22, 2013",22.89,23.69,22.76,23.10,80938662
844,"Jan 21, 2013",23.15,23.22,22.65,22.90,46852444
845,"Jan 18, 2013",22.68,23.44,22.47,23.22,51975108
846,"Jan 17, 2013",22.89,22.96,22.40,22.55,49410916
847,"Jan 16, 2013",23.42,23.42,22.50,22.98,57851714
848,"Jan 15, 2013",23.44,23.98,23.36,23.49,84013732
849,"Jan 14, 2013",22.22,23.50,22.14,23.45,77752460
850,"Jan 11, 2013",22.54,22.67,22.11,22.22,45723330
851,"Jan 10, 2013",22.58,22.94,22.40,22.49,54474544
852,"Jan 9, 2013",22.52,22.68,22.22,22.50,81641692
853,"Jan 8, 2013",23.57,23.66,22.56,22.74,94287768
854,"Jan 7, 2013",23.56,23.79,23.29,23.60,56656860
855,"Jan 4, 2013",23.36,24.90,23.20,23.56,117426966
856,"Dec 31, 2012",22.00,22.92,22.00,22.64,65962926
857,"Dec 28, 2012",21.74,22.02,21.46,21.94,46771338
858,"Dec 27, 2012",21.87,22.00,21.52,21.62,37745194
859,"Dec 26, 2012",21.50,21.94,21.46,21.74,51092568
860,"Dec 25, 2012",20.89,21.81,20.86,21.50,90342834
861,"Dec 24, 2012",20.66,21.14,20.56,21.06,60262662
862,"Dec 21, 2012",21.21,21.68,21.05,21.18,43280564
863,"Dec 20, 2012",20.82,21.25,20.75,21.14,35836430
864,"Dec 19, 2012",21.02,21.25,20.75,20.88,45443036
865,"Dec 18, 2012",21.20,21.61,20.96,21.08,58431148
866,"Dec 17, 2012",20.98,21.50,20.94,21.27,74054594
867,"Dec 14, 2012",19.50,21.10,19.50,20.98,109609880
868,Date,Open,High,Low,Close,Volume
869,"Dec 13, 2012",19.89,19.89,19.38,19.46,46741304
870,"Dec 12, 2012",19.90,20.05,19.72,19.94,35422046
871,"Dec 11, 2012",19.94,20.09,19.82,19.92,42851718
872,"Dec 10, 2012",19.75,20.19,19.75,20.00,63131960
873,"Dec 7, 2012",19.39,19.74,19.22,19.66,56230362
874,"Dec 6, 2012",19.44,19.66,19.30,19.45,41767418
875,"Dec 5, 2012",18.68,19.58,18.68,19.48,75666732
876,"Dec 4, 2012",18.36,18.84,18.36,18.68,46384936
877,"Dec 3, 2012",18.20,18.85,18.16,18.35,43363832
878,"Nov 30, 2012",17.78,18.44,17.78,18.23,26275692
879,"Nov 29, 2012",17.86,18.05,17.78,17.88,22543062
880,"Nov 28, 2012",18.06,18.08,17.80,17.92,23904768
881,"Nov 27, 2012",18.46,18.58,18.08,18.12,26690526
882,"Nov 26, 2012",18.52,18.62,18.40,18.52,18197950
883,"Nov 23, 2012",18.28,18.92,18.22,18.56,35026856
884,"Nov 22, 2012",18.14,18.28,18.00,18.25,22124624
885,"Nov 21, 2012",17.65,18.25,17.65,18.22,34951272
886,"Nov 20, 2012",18.14,18.14,17.55,17.69,56310084
887,"Nov 19, 2012",18.46,18.52,17.30,18.21,78700822
888,"Nov 16, 2012",18.85,18.90,18.36,18.55,32081508
889,"Nov 15, 2012",18.85,19.14,18.78,18.88,39559618
890,"Nov 14, 2012",18.82,19.02,18.76,18.91,23098748
891,"Nov 13, 2012",19.10,19.10,18.75,18.79,25543590
892,"Nov 12, 2012",19.32,19.37,18.94,19.10,34970312
893,"Nov 9, 2012",19.28,19.38,19.22,19.31,16324720
894,"Nov 8, 2012",19.30,19.52,19.26,19.30,33498588
895,"Nov 7, 2012",19.57,19.57,19.36,19.46,26839200
896,"Nov 6, 2012",19.38,19.62,19.16,19.56,42604492
897,"Nov 5, 2012",19.50,19.58,19.14,19.38,53218724
898,"Nov 2, 2012",19.52,19.68,19.32,19.52,56348856
899,Date,Open,High,Low,Close,Volume
900,"Nov 1, 2012",19.40,19.90,19.30,19.66,79768398
901,"Oct 31, 2012",19.38,19.47,19.20,19.39,20281056
902,"Oct 30, 2012",19.10,19.48,19.10,19.24,43834334
903,"Oct 29, 2012",19.79,19.84,18.80,19.02,68017688
904,"Oct 26, 2012",20.43,20.52,19.72,20.42,29496408
905,"Oct 25, 2012",20.82,20.95,20.38,20.42,25686720
906,"Oct 24, 2012",20.82,21.01,20.74,20.83,17825140
907,"Oct 23, 2012",21.18,21.24,20.80,20.88,19671040
908,"Oct 22, 2012",20.90,21.14,20.86,21.11,21808196
909,"Oct 19, 2012",20.82,21.00,20.82,21.00,18322412
910,"Oct 18, 2012",20.75,20.98,20.50,20.90,35037070
911,"Oct 17, 2012",21.00,21.00,20.50,20.76,26153060
912,"Oct 16, 2012",20.86,21.12,20.77,20.88,18728800
913,"Oct 15, 2012",20.90,21.15,20.73,20.86,14611796
914,"Oct 12, 2012",20.99,21.24,20.68,20.78,23247640
915,"Oct 11, 2012",21.00,21.00,20.72,20.80,19016356
916,"Oct 10, 2012",21.10,21.20,21.00,21.10,16966374
917,"Oct 9, 2012",20.85,21.32,20.85,21.18,35134972
918,"Oct 8, 2012",21.03,21.38,20.68,20.73,24055258
919,"Sep 28, 2012",20.62,21.03,20.55,20.97,45092098
920,"Sep 27, 2012",20.24,21.12,20.24,20.80,50814032
921,"Sep 26, 2012",20.18,20.40,20.12,20.18,20496532
922,"Sep 25, 2012",20.10,20.61,20.10,20.32,27650264
923,"Sep 24, 2012",19.66,20.20,19.52,20.11,20934036
924,"Sep 21, 2012",19.84,20.01,19.65,19.90,21019566
925,"Sep 20, 2012",20.18,20.18,19.88,19.92,37443568
926,"Sep 19, 2012",20.00,20.24,19.95,20.18,20985982
927,"Sep 18, 2012",19.88,20.18,19.66,20.02,22786634
928,"Sep 17, 2012",20.40,20.66,20.00,20.02,31634050
929,"Sep 14, 2012",20.66,20.93,20.40,20.51,39967936
930,Date,Open,High,Low,Close,Volume
931,"Sep 13, 2012",20.61,20.68,20.40,20.42,27088842
932,"Sep 12, 2012",20.85,21.05,20.48,20.61,26768612
933,"Sep 11, 2012",20.89,20.89,20.46,20.63,27990666
934,"Sep 10, 2012",21.05,21.18,20.80,20.98,32390630
935,"Sep 7, 2012",20.20,21.29,20.20,21.04,80410230
936,"Sep 6, 2012",19.74,20.05,19.70,19.92,19231348
937,"Sep 5, 2012",19.66,19.94,19.56,19.62,24311026
938,"Sep 4, 2012",20.00,20.04,19.63,19.72,20072938
939,"Sep 3, 2012",19.26,20.07,19.26,19.95,38335294
940,"Aug 31, 2012",19.50,19.90,19.38,19.46,25991322
941,"Aug 30, 2012",18.95,19.78,18.95,19.57,45052422
942,"Aug 29, 2012",19.35,19.41,19.14,19.21,21500644
943,"Aug 28, 2012",19.44,19.74,19.32,19.42,25559626
944,"Aug 27, 2012",20.42,20.49,19.42,19.44,49113368
945,"Aug 24, 2012",20.58,20.67,20.36,20.44,23757064
946,"Aug 23, 2012",20.45,20.61,20.30,20.54,28904788
947,"Aug 22, 2012",20.54,20.70,20.22,20.45,29282728
948,"Aug 21, 2012",20.60,20.90,20.41,20.52,29679408
949,"Aug 20, 2012",20.55,20.70,20.20,20.63,25431826
950,"Aug 17, 2012",20.72,20.85,20.50,20.79,28500416
951,"Aug 16, 2012",20.75,20.90,20.62,20.76,16981164
952,"Aug 15, 2012",20.80,20.98,20.70,20.76,22384376
953,"Aug 14, 2012",20.96,21.05,20.46,20.80,49152458
954,"Aug 13, 2012",22.40,22.40,20.82,20.96,82889410
955,"Aug 10, 2012",22.25,22.64,22.25,22.40,27419992
956,"Aug 9, 2012",22.02,22.34,21.92,22.33,28478024
957,"Aug 8, 2012",21.98,22.22,21.88,22.18,25437290
958,"Aug 7, 2012",22.25,22.29,21.85,21.96,36138534
959,"Aug 6, 2012",22.00,22.34,21.96,22.30,29262134
960,"Aug 3, 2012",22.42,22.47,21.70,22.03,45978004
961,Date,Open,High,Low,Close,Volume
962,"Aug 2, 2012",22.55,22.69,22.20,22.42,29385376
963,"Aug 1, 2012",22.20,22.69,22.16,22.60,30923490
964,"Jul 31, 2012",21.80,22.56,21.75,22.18,41965802
965,"Jul 30, 2012",22.20,22.44,21.76,21.87,31871756
966,"Jul 27, 2012",22.52,22.59,21.75,22.25,49438498
967,"Jul 26, 2012",22.40,22.84,22.25,22.35,32984674
968,"Jul 25, 2012",22.26,22.69,22.25,22.36,22477896
969,"Jul 24, 2012",22.22,22.70,22.22,22.48,31481808
970,"Jul 23, 2012",22.68,22.68,22.25,22.40,34573594
971,"Jul 20, 2012",22.90,23.02,22.70,22.98,37416854
972,"Jul 19, 2012",22.08,23.25,22.00,22.97,70601952
973,"Jul 18, 2012",22.21,22.42,21.65,22.16,33308424
974,"Jul 17, 2012",21.75,22.20,21.64,22.15,41602722
975,"Jul 16, 2012",22.50,22.50,21.72,21.78,41712594
976,"Jul 13, 2012",22.27,22.80,22.27,22.50,29754676
977,"Jul 12, 2012",22.80,22.80,22.17,22.50,70208232
978,"Jul 11, 2012",22.60,22.90,22.49,22.85,28677510
979,"Jul 10, 2012",22.80,23.18,22.54,22.78,32204994
980,"Jul 9, 2012",23.00,23.42,22.70,22.82,41673406
981,"Jul 6, 2012",22.88,23.25,22.58,23.12,66076330
982,"Jul 5, 2012",22.42,22.90,22.32,22.68,29728820
983,"Jul 4, 2012",22.86,22.96,22.45,22.58,22098310
984,"Jul 3, 2012",23.05,23.40,22.73,22.81,48617418
985,"Jul 2, 2012",23.05,23.08,22.66,23.05,37185962
986,"Jun 29, 2012",22.26,23.22,22.25,22.90,66581474
987,"Jun 28, 2012",22.00,22.55,22.00,22.30,50688940
988,"Jun 26, 2012",21.74,22.22,21.64,21.98,42357834
989,"Jun 25, 2012",22.22,22.30,21.74,21.78,37819432
990,"Jun 21, 2012",22.88,22.88,22.13,22.38,55042680
991,"Jun 20, 2012",23.00,23.27,22.98,23.02,27783898
992,Date,Open,High,Low,Close,Volume
993,"Jun 19, 2012",23.00,23.30,22.92,22.98,40558256
994,"Jun 18, 2012",23.24,23.35,22.81,23.08,40229774
995,"Jun 15, 2012",22.62,23.32,22.62,23.06,78647982
996,"Jun 14, 2012",22.66,22.86,22.47,22.58,69782012
997,"Jun 13, 2012",21.26,22.73,21.26,22.64,108587228
998,"Jun 12, 2012",21.04,21.32,21.02,21.24,39639144
999,"Jun 11, 2012",20.71,21.18,20.62,21.16,38816704
1000,"Jun 8, 2012",20.90,20.92,20.48,20.55,53312476
1001,"Jun 7, 2012",20.75,21.08,20.45,20.54,30127066
1002,"Jun 6, 2012",20.44,20.68,20.42,20.50,31131412
1003,"Jun 5, 2012",20.48,20.62,20.27,20.34,42629354
1004,"Jun 4, 2012",20.85,20.96,20.35,20.41,73333558
1005,"Jun 1, 2012",20.95,21.24,20.94,21.08,28589722
1006,"May 31, 2012",21.04,21.06,20.84,20.94,34029478
1007,"May 30, 2012",21.11,21.28,21.01,21.11,36804756
1008,"May 29, 2012",20.54,21.30,20.40,21.11,52047758
1009,"May 28, 2012",20.28,20.60,20.09,20.54,43018792
1010,"May 25, 2012",21.01,21.14,20.20,20.32,45207896
1011,"May 24, 2012",21.00,21.34,20.93,21.02,25054806
1012,"May 23, 2012",21.20,21.25,20.90,21.12,46945232
1013,"May 22, 2012",20.89,21.30,20.85,21.28,60096748
1014,"May 21, 2012",20.60,21.03,20.60,20.81,31161330
1015,"May 18, 2012",20.98,20.98,20.50,20.70,52473276
1016,"May 17, 2012",20.68,21.25,20.63,21.20,59089268
1017,"May 16, 2012",21.00,21.04,20.56,20.61,44361304
1018,"May 15, 2012",20.50,21.10,20.50,21.10,94062732
1019,"May 14, 2012",20.76,20.94,20.11,20.38,47849652
1020,"May 11, 2012",20.68,20.92,20.45,20.60,35448034
1021,"May 10, 2012",20.70,20.84,20.65,20.70,36466800
1022,"May 9, 2012",20.62,20.83,20.56,20.72,51876000
1023,Date,Open,High,Low,Close,Volume
1024,"May 8, 2012",21.09,21.14,20.70,20.80,58746532
1025,"May 7, 2012",21.30,21.42,20.85,21.00,66461494
1026,"May 4, 2012",21.50,21.68,21.30,21.54,53639596
1027,"May 3, 2012",21.10,21.61,21.05,21.54,63726704
1028,"May 2, 2012",20.87,21.23,20.72,21.08,72730690
1029,"Apr 27, 2012",20.60,20.75,20.25,20.36,46839066
1030,"Apr 26, 2012",20.50,20.80,20.48,20.58,44800876
1031,"Apr 25, 2012",20.35,20.64,20.22,20.40,44957866
1032,"Apr 24, 2012",20.20,20.90,20.10,20.40,84040042
1033,"Apr 23, 2012",20.68,20.92,20.24,20.32,55875620
1034,"Apr 20, 2012",20.45,20.75,20.41,20.68,70415092
1035,"Apr 19, 2012",19.96,20.75,19.90,20.52,113811086
1036,"Apr 18, 2012",19.56,20.04,19.49,20.00,43782134
1037,"Apr 17, 2012",19.72,19.82,19.42,19.43,23992796
1038,"Apr 16, 2012",19.76,19.90,19.60,19.75,20468338
1039,"Apr 13, 2012",19.61,20.02,19.60,19.88,68578904
1040,"Apr 12, 2012",18.97,19.59,18.86,19.50,50472416
1041,"Apr 11, 2012",18.78,19.12,18.75,18.95,29777264
1042,"Apr 10, 2012",18.76,19.06,18.48,19.04,25513558
1043,"Apr 9, 2012",18.89,19.05,18.72,18.82,16931778
1044,"Apr 6, 2012",18.88,19.17,18.79,19.06,38465994
1045,"Apr 5, 2012",18.29,19.00,18.07,18.88,57756542
1046,"Mar 30, 2012",18.24,18.32,18.06,18.29,38966408
1047,"Mar 29, 2012",18.56,18.65,18.05,18.13,49958306
1048,"Mar 28, 2012",19.08,19.12,18.63,18.72,45594044
1049,"Mar 27, 2012",0.00,0.00,19.00,19.16,38193466
1050,"Mar 26, 2012",19.16,19.26,18.98,19.12,21758546
1051,"Mar 23, 2012",19.39,19.39,19.10,19.20,31929670
1052,"Mar 22, 2012",19.50,19.60,19.26,19.48,27373076
1053,"Mar 21, 2012",19.55,19.62,19.22,19.48,35218154
1054,Date,Open,High,Low,Close,Volume
1055,"Mar 20, 2012",19.45,19.68,19.35,19.38,39725194
1056,"Mar 19, 2012",19.68,19.68,19.35,19.52,50548812
1057,"Mar 16, 2012",19.82,19.94,19.40,19.78,45164148
1058,"Mar 15, 2012",19.82,20.10,19.76,19.78,39208964
1059,"Mar 14, 2012",20.50,20.57,19.80,19.84,64527700
1060,"Mar 13, 2012",19.86,20.33,19.86,20.32,45025876
1061,"Mar 12, 2012",20.03,20.03,19.55,19.87,48203322
1062,"Mar 9, 2012",20.12,20.14,19.83,20.04,27551772
1063,"Mar 8, 2012",19.66,20.18,19.66,19.98,53777590
1064,"Mar 7, 2012",19.55,19.84,19.52,19.58,43300032
1065,"Mar 6, 2012",20.04,20.05,19.62,19.72,80325332
1066,"Mar 5, 2012",20.65,20.72,20.03,20.08,71027870
1067,"Mar 2, 2012",20.34,20.64,20.34,20.62,42477100
1068,"Mar 1, 2012",20.35,20.55,20.24,20.28,35499834
1069,"Feb 29, 2012",20.78,20.80,20.32,20.41,51292474
1070,"Feb 28, 2012",20.79,21.00,20.66,20.84,40032480
1071,"Feb 27, 2012",20.92,21.10,20.72,20.75,56641590
1072,"Feb 24, 2012",20.50,20.85,20.37,20.81,51473274
1073,"Feb 23, 2012",20.50,20.74,20.40,20.52,37336554
1074,"Feb 22, 2012",20.28,20.66,20.10,20.54,48132110
1075,"Feb 21, 2012",20.07,20.37,19.85,20.36,45678720
1076,"Feb 20, 2012",20.15,20.44,20.02,20.05,62882986
1077,"Feb 17, 2012",20.10,20.16,19.72,19.88,34772986
1078,"Feb 16, 2012",20.09,20.10,19.70,19.84,34598988
1079,"Feb 15, 2012",19.72,20.30,19.72,20.11,48452360
1080,"Feb 14, 2012",20.12,20.12,19.60,19.79,47045902
1081,"Feb 13, 2012",19.77,20.42,19.72,20.14,41023412
1082,"Feb 10, 2012",19.90,20.36,19.86,20.04,52222870
1083,"Feb 9, 2012",20.04,20.28,19.85,19.94,81950758
1084,"Feb 7, 2012",-,-,-,19.47,0
1085,Date,Open,High,Low,Close,Volume
1086,"Feb 6, 2012",20.12,20.18,19.62,19.80,44841968
1087,"Feb 3, 2012",19.80,20.32,19.68,20.07,88264498
1088,"Feb 2, 2012",18.82,19.85,18.82,19.84,88078660
1089,"Feb 1, 2012",19.12,19.32,18.56,18.71,54041872
1090,"Jan 31, 2012",19.30,19.55,18.90,19.19,48388716
1091,"Jan 30, 2012",19.56,19.65,19.22,19.30,44016994
1092,"Jan 20, 2012",-,-,-,19.60,0
1093,"Jan 19, 2012",18.76,19.32,18.76,19.26,71245120
1094,"Jan 18, 2012",18.85,19.25,18.64,18.70,45045716
1095,"Jan 17, 2012",17.89,18.96,17.72,18.90,62458654
1096,"Jan 16, 2012",17.95,18.20,17.79,17.80,27825910
1097,"Jan 13, 2012",18.19,18.36,17.80,18.01,37729000
1098,"Jan 12, 2012",17.90,18.50,17.82,18.18,45656470
1099,"Jan 11, 2012",18.10,18.22,17.82,17.92,53018536
1100,"Jan 10, 2012",17.40,18.20,17.38,18.15,77024120
1101,"Jan 9, 2012",16.95,17.38,16.68,17.36,66303858
1102,"Jan 6, 2012",16.93,17.10,16.80,16.92,34163398
1103,"Jan 5, 2012",16.78,17.30,16.76,16.96,36334250
1104,"Jan 4, 2012",17.44,17.50,16.90,16.95,29144400
1105,"Dec 30, 2011",-,-,-,17.22,0
1106,"Dec 29, 2011",17.01,17.15,16.85,16.98,21172862
1107,"Dec 28, 2011",16.80,17.10,16.72,17.06,27198124
1108,"Dec 27, 2011",16.78,17.28,16.74,16.89,25838542
1109,"Dec 26, 2011",16.86,17.13,16.74,16.79,32440238
1110,"Dec 23, 2011",17.00,17.22,16.73,17.00,43580550
1111,"Dec 22, 2011",17.20,17.35,16.85,17.00,52035078
1112,"Dec 21, 2011",18.00,18.38,17.18,17.22,66679476
1113,"Dec 20, 2011",17.92,18.35,17.89,18.18,26365438
1114,"Dec 19, 2011",17.80,18.11,17.44,18.08,36442198
1115,"Dec 16, 2011",17.60,18.19,17.59,17.96,32288398
1116,Date,Open,High,Low,Close,Volume
1117,"Dec 15, 2011",17.86,18.04,17.50,17.61,38920522
1118,"Dec 14, 2011",18.00,18.10,17.80,18.00,26846750
1119,"Dec 13, 2011",18.50,18.60,17.84,18.01,55590444
1120,"Dec 12, 2011",19.00,19.05,18.68,18.75,24656800
1121,"Dec 9, 2011",18.80,19.10,18.75,18.99,26612066
1122,"Dec 8, 2011",18.80,19.19,18.61,18.98,41028444
1123,"Dec 7, 2011",18.50,18.98,18.44,18.96,44409164
1124,"Dec 6, 2011",18.55,18.70,18.26,18.42,29130442
1125,"Dec 5, 2011",18.74,18.94,18.44,18.55,42259142
1126,"Dec 2, 2011",18.45,18.59,18.30,18.52,40552300
1127,"Dec 1, 2011",18.55,19.12,18.38,18.59,106299894
1128,"Nov 30, 2011",18.23,18.28,17.58,17.65,35187112
1129,"Nov 29, 2011",18.26,18.36,18.06,18.34,36003762
1130,"Nov 28, 2011",18.00,18.22,17.94,18.04,25223942
1131,"Nov 25, 2011",17.98,18.09,17.79,17.87,18794232
1132,"Nov 24, 2011",17.65,18.28,17.60,18.08,36774444
1133,"Nov 23, 2011",18.20,18.24,17.70,17.80,34756238
1134,"Nov 22, 2011",18.15,18.40,18.07,18.16,38925980
1135,"Nov 21, 2011",18.22,18.33,17.98,18.32,32997996
1136,"Nov 18, 2011",18.44,18.59,18.05,18.20,49221798
1137,"Nov 17, 2011",18.90,18.96,18.50,18.62,46571668
1138,"Nov 16, 2011",19.69,19.80,18.74,18.88,63952648
1139,"Nov 15, 2011",19.94,19.96,19.66,19.75,23241956
1140,"Nov 14, 2011",19.68,20.04,19.68,19.96,36551186
1141,"Nov 11, 2011",19.48,19.63,19.25,19.40,24705032
1142,"Nov 10, 2011",19.95,19.96,19.40,19.43,57041188
1143,"Nov 9, 2011",20.10,20.40,19.90,20.28,43253766
1144,"Nov 8, 2011",20.00,20.20,19.85,19.96,26084352
1145,"Nov 7, 2011",20.07,20.20,19.85,19.89,37134042
1146,"Nov 4, 2011",20.46,20.60,20.18,20.20,60040998
1147,Date,Open,High,Low,Close,Volume
1148,"Nov 3, 2011",20.08,20.65,20.08,20.17,84182270
1149,"Nov 2, 2011",19.30,20.08,19.20,20.04,67286698
1150,"Nov 1, 2011",19.12,20.09,19.04,19.61,77898830
1151,"Oct 31, 2011",19.40,19.59,19.22,19.32,47949474
1152,"Oct 28, 2011",19.35,19.88,19.24,19.35,115858382
1153,"Oct 27, 2011",18.55,19.03,18.53,18.99,76235090
1154,"Oct 26, 2011",18.51,18.99,18.49,18.76,61175646
1155,"Oct 25, 2011",18.35,18.75,18.10,18.54,57443470
1156,"Oct 24, 2011",17.80,18.49,17.62,18.43,61810920
1157,"Oct 21, 2011",17.50,17.72,17.40,17.50,33330854
1158,"Oct 20, 2011",17.58,17.62,17.18,17.36,36894728
1159,"Oct 19, 2011",17.86,18.20,17.68,17.80,40314248
1160,"Oct 18, 2011",18.36,18.44,17.68,17.75,39973730
1161,"Oct 17, 2011",18.33,18.79,18.28,18.58,47718260
1162,"Oct 14, 2011",18.14,18.26,17.96,18.21,34497926
1163,"Oct 13, 2011",18.02,18.42,17.98,18.17,62631984
1164,"Oct 12, 2011",17.15,18.15,17.10,18.12,73267236
1165,"Oct 11, 2011",17.55,17.64,17.09,17.18,64794678
1166,"Oct 10, 2011",16.90,17.09,16.88,16.95,38518924
1167,"Sep 30, 2011",-,-,-,16.79,0
1168,"Sep 29, 2011",17.24,17.24,16.98,17.04,55429704
1169,"Sep 28, 2011",17.69,17.78,17.28,17.34,37476300
1170,"Sep 27, 2011",17.50,17.64,17.36,17.50,70428870
1171,"Sep 26, 2011",18.74,18.95,17.12,17.20,136165090
1172,"Sep 23, 2011",19.20,19.26,18.60,19.00,58760388
1173,"Sep 22, 2011",19.88,20.05,19.36,19.45,35886966
1174,"Sep 21, 2011",19.54,20.24,19.45,20.07,43286878
1175,"Sep 20, 2011",19.40,19.55,19.30,19.49,16172826
1176,"Sep 19, 2011",19.62,19.65,19.38,19.40,22466584
1177,"Sep 16, 2011",19.80,20.02,19.76,19.78,28458376
1178,Date,Open,High,Low,Close,Volume
1179,"Sep 15, 2011",19.79,19.92,19.63,19.64,23100792
1180,"Sep 14, 2011",19.89,19.95,19.34,19.74,35516848
1181,"Sep 13, 2011",19.68,19.90,19.63,19.74,26604736
1182,"Sep 9, 2011",-,-,-,20.08,0
1183,"Sep 8, 2011",20.32,20.33,20.00,20.02,21716828
1184,"Sep 7, 2011",20.16,20.35,19.98,20.26,28933540
1185,"Sep 6, 2011",20.15,20.15,19.86,19.98,29774094
1186,"Sep 5, 2011",20.36,20.36,20.09,20.14,21610112
1187,"Sep 2, 2011",20.48,20.74,20.22,20.56,24125772
1188,"Sep 1, 2011",20.50,20.86,20.42,20.56,40621588
1189,"Aug 31, 2011",20.36,20.40,20.19,20.32,37084594
1190,"Aug 30, 2011",20.68,20.96,20.40,20.44,33056816
1191,"Aug 29, 2011",20.70,20.70,20.34,20.51,37423918
1192,"Aug 26, 2011",21.09,21.18,20.85,20.98,37158572
1193,"Aug 25, 2011",20.36,21.25,20.36,21.24,72452298
1194,"Aug 24, 2011",20.62,20.66,20.24,20.30,26857954
1195,"Aug 23, 2011",20.22,20.50,20.14,20.50,23050980
1196,"Aug 22, 2011",20.22,20.42,20.00,20.20,25888814
1197,"Aug 19, 2011",20.22,20.45,20.06,20.16,32936622
1198,"Aug 18, 2011",21.19,21.25,20.53,20.59,38716082
1199,"Aug 16, 2011",-,-,-,20.93,0
1200,"Aug 15, 2011",20.72,21.34,20.50,21.30,55686596
1201,"Aug 12, 2011",20.99,21.00,20.50,20.64,56072328
1202,"Aug 11, 2011",20.20,20.84,20.07,20.84,57021512
1203,"Aug 10, 2011",20.73,20.80,20.36,20.50,54469352
1204,"Aug 9, 2011",19.93,20.44,19.80,20.34,71690184
1205,"Aug 8, 2011",20.90,21.09,20.36,20.48,63872086
1206,"Aug 5, 2011",21.50,21.54,21.02,21.16,74511706
1207,"Aug 4, 2011",22.12,22.28,22.00,22.02,24541612
1208,"Aug 3, 2011",22.00,22.26,21.94,22.04,27103622
1209,Date,Open,High,Low,Close,Volume
1210,"Aug 2, 2011",22.18,22.20,21.95,22.18,20896632
1211,"Aug 1, 2011",22.25,22.50,22.18,22.45,25839936
1212,"Jul 29, 2011",22.12,22.55,21.93,22.26,50834982
1213,"Jul 28, 2011",22.28,22.28,21.94,22.04,46852114
1214,"Jul 27, 2011",22.64,22.68,22.32,22.49,46203656
1215,"Jul 26, 2011",22.60,22.84,22.56,22.80,19009442
1216,"Jul 25, 2011",23.06,23.06,22.50,22.60,38578426
1217,"Jul 22, 2011",23.13,23.42,23.02,23.20,25881576
1218,"Jul 21, 2011",23.48,23.48,22.96,22.98,25128892
1219,"Jul 20, 2011",23.68,23.74,23.43,23.54,28784838
1220,"Jul 19, 2011",23.59,23.64,23.40,23.46,23420704
1221,"Jul 18, 2011",23.94,24.07,23.63,23.72,27908628
1222,"Jul 15, 2011",23.66,24.05,23.49,23.89,27217294
1223,"Jul 14, 2011",23.71,23.86,23.56,23.70,29246270
1224,"Jul 13, 2011",23.39,23.79,23.32,23.72,36669286
1225,"Jul 12, 2011",23.74,23.74,23.26,23.29,43322568
1226,"Jul 11, 2011",24.08,24.08,23.76,23.98,28912604
1227,"Jul 8, 2011",24.40,24.55,24.15,24.24,28283070
1228,"Jul 7, 2011",24.80,24.83,24.13,24.30,46096122
1229,"Jul 6, 2011",24.24,24.85,23.88,24.50,43341228
1230,"Jul 5, 2011",24.55,24.66,24.20,24.34,32618446
1231,"Jul 4, 2011",24.22,24.68,24.22,24.58,43972614
1232,"Jul 1, 2011",24.19,24.28,23.92,24.06,30757086
1233,"Jun 30, 2011",23.48,24.42,23.44,24.14,59600696
1234,"Jun 29, 2011",23.74,23.82,23.34,23.35,28928886
1235,"Jun 28, 2011",23.92,23.95,23.42,23.65,26645892
1236,"Jun 27, 2011",23.75,24.14,23.66,23.74,26936564
1237,"Jun 24, 2011",22.90,23.95,22.88,23.85,74020552
1238,"Jun 23, 2011",22.44,23.10,22.26,22.93,34612962
1239,"Jun 22, 2011",22.40,22.66,22.36,22.48,30480500
1240,Date,Open,High,Low,Close,Volume
1241,"Jun 21, 2011",22.20,22.36,22.10,22.30,30195254
1242,"Jun 20, 2011",22.58,22.64,21.98,22.18,40940380
1243,"Jun 17, 2011",22.94,23.04,22.54,22.55,44557038
1244,"Jun 15, 2011",-,-,-,23.20,0
1245,"Jun 14, 2011",23.36,23.68,23.25,23.56,26164576
1246,"Jun 13, 2011",23.50,23.50,23.14,23.40,22922554
1247,"Jun 10, 2011",23.61,23.74,23.45,23.72,23130902
1248,"Jun 9, 2011",23.78,23.88,23.46,23.54,27870674
1249,"Jun 8, 2011",23.95,23.95,23.60,23.80,23355862
1250,"Jun 7, 2011",23.69,24.02,23.58,23.95,22111366
1251,"Jun 3, 2011",-,-,-,23.86,0
1252,"Jun 2, 2011",24.00,24.10,23.42,23.65,43445310
1253,"Jun 1, 2011",24.25,24.39,24.18,24.26,26997106
1254,"May 31, 2011",24.01,24.40,23.94,24.37,28826626
1255,"May 30, 2011",23.94,24.16,23.87,23.99,26611720
1256,"May 27, 2011",23.86,24.20,23.85,23.98,31556636
1257,"May 26, 2011",24.06,24.14,23.84,23.86,29145074
1258,"May 25, 2011",24.06,24.06,23.88,23.90,27977580
1259,"May 24, 2011",24.07,24.24,24.00,24.12,24292232
1260,"May 23, 2011",24.90,24.95,24.02,24.06,55068458
1261,"May 20, 2011",24.90,25.10,24.90,25.00,19740776
1262,"May 19, 2011",25.12,25.24,24.86,24.95,22973512
1263,"May 18, 2011",24.87,25.30,24.76,25.06,38136278
1264,"May 17, 2011",24.64,25.10,24.60,24.90,31934742
1265,"May 16, 2011",25.00,25.08,24.62,24.64,34225400
1266,"May 13, 2011",24.76,25.08,24.60,25.04,32923212
1267,"May 12, 2011",24.89,25.08,24.60,24.60,31880950
1268,"May 11, 2011",25.12,25.28,24.92,25.12,21164382
1269,"May 10, 2011",24.87,25.16,24.87,25.10,21904018
1270,"May 9, 2011",25.14,25.19,24.80,24.86,32494632
1271,Date,Open,High,Low,Close,Volume
1272,"May 6, 2011",24.89,25.26,24.84,25.04,34896592
1273,"May 5, 2011",25.34,25.40,24.97,25.15,45411150
1274,"May 4, 2011",26.00,26.10,25.30,25.38,60685728
1275,"May 3, 2011",26.00,26.34,25.70,26.26,39318362
1276,"Apr 29, 2011",-,-,-,26.12,0
1277,"Apr 28, 2011",26.00,26.51,26.00,26.06,74770294
1278,"Apr 27, 2011",25.94,25.98,25.65,25.81,33520560
1279,"Apr 26, 2011",25.74,26.06,25.69,25.79,38047926
1280,"Apr 25, 2011",26.08,26.08,25.62,25.84,41517344
1281,"Apr 22, 2011",26.50,26.50,26.02,26.10,33579956
1282,"Apr 21, 2011",26.64,26.79,26.44,26.48,34852220
1283,"Apr 20, 2011",26.58,26.69,26.14,26.30,43934540
1284,"Apr 19, 2011",27.19,27.24,26.39,26.40,68885522
1285,"Apr 18, 2011",26.98,27.74,26.89,27.44,103009158
1286,"Apr 15, 2011",26.56,27.16,26.44,27.10,75621212
1287,"Apr 14, 2011",26.68,27.05,26.50,26.58,84589840
1288,"Apr 13, 2011",25.83,26.80,25.80,26.75,69002790
1289,"Apr 12, 2011",25.85,26.11,25.70,26.00,51294574
1290,"Apr 11, 2011",26.50,26.66,25.92,25.94,67297674
1291,"Apr 8, 2011",26.45,26.70,26.28,26.45,44140248
1292,"Apr 7, 2011",26.72,26.73,26.32,26.50,63484430
1293,"Apr 6, 2011",25.92,26.72,25.86,26.62,155977318
1294,"Apr 1, 2011",-,-,-,25.62,0
1295,"Mar 31, 2011",25.06,25.18,24.71,24.73,37493478
1296,"Mar 30, 2011",25.00,25.24,24.86,25.00,39473046
1297,"Mar 29, 2011",25.04,25.39,24.67,24.95,70601158
1298,"Mar 28, 2011",25.35,25.63,25.00,25.04,62280490
1299,"Mar 25, 2011",25.07,25.54,24.96,25.26,56441572
1300,"Mar 24, 2011",25.22,25.24,24.95,25.02,31557592
1301,"Mar 23, 2011",24.95,25.33,24.84,25.20,40526760
1302,Date,Open,High,Low,Close,Volume
1303,"Mar 22, 2011",24.75,25.10,24.54,25.04,45846012
1304,"Mar 21, 2011",24.60,24.89,24.54,24.60,35667190
1305,"Mar 18, 2011",24.58,24.78,24.50,24.54,43558104
1306,"Mar 17, 2011",24.82,24.82,24.30,24.39,79083968
1307,"Mar 16, 2011",24.97,25.30,24.90,25.08,47853856
1308,"Mar 15, 2011",25.50,25.58,24.26,24.74,111643252
1309,"Mar 11, 2011",-,-,-,25.44,0
1310,"Mar 10, 2011",26.60,26.60,25.78,25.82,86548552
1311,"Mar 9, 2011",26.75,27.00,26.48,26.70,53634372
1312,"Mar 8, 2011",26.70,26.90,26.30,26.58,60490468
1313,"Mar 7, 2011",26.30,26.86,26.24,26.75,108877760
1314,"Mar 4, 2011",25.48,26.12,25.38,26.06,96245804
1315,"Mar 3, 2011",25.18,26.05,25.17,25.35,131697888
1316,"Mar 2, 2011",24.92,25.26,24.81,25.05,45058410
1317,"Mar 1, 2011",24.90,25.36,24.85,25.10,56459928
1318,"Feb 28, 2011",24.64,24.92,24.39,24.88,51299154
1319,"Feb 25, 2011",24.44,24.94,24.30,24.64,50613922
1320,"Feb 24, 2011",24.45,24.50,24.10,24.40,54264342
1321,"Feb 23, 2011",24.52,24.68,24.32,24.47,56835344
1322,"Feb 22, 2011",25.80,25.84,24.60,24.62,101407510
1323,"Feb 21, 2011",25.49,25.82,25.34,25.78,43524872
1324,"Feb 18, 2011",25.55,25.79,25.38,25.60,49809116
1325,"Feb 17, 2011",25.76,25.95,25.50,25.63,51565026
1326,"Feb 16, 2011",25.75,25.93,25.50,25.75,54502152
1327,"Feb 15, 2011",26.10,26.25,25.80,25.82,67388176
1328,"Feb 14, 2011",25.00,26.25,24.98,26.18,109709916
1329,"Feb 11, 2011",25.10,25.20,24.88,24.98,85023056
1330,"Feb 10, 2011",24.90,25.33,24.68,25.29,49854952
1331,"Feb 9, 2011",24.90,25.38,24.72,24.92,43512872
1332,"Feb 1, 2011",-,-,-,24.98,0
1333,Date,Open,High,Low,Close,Volume
1334,"Jan 31, 2011",24.66,24.95,24.48,24.84,34396012
1335,"Jan 28, 2011",24.96,25.08,24.45,24.72,36340914
1336,"Jan 27, 2011",24.25,25.09,24.03,24.95,51619288
1337,"Jan 26, 2011",24.30,24.68,24.28,24.47,29741324
1338,"Jan 25, 2011",24.17,24.50,23.95,24.26,40156196
1339,"Jan 24, 2011",24.85,24.85,24.00,24.18,50551822
1340,"Jan 21, 2011",24.43,25.28,24.25,24.72,47609688
1341,"Jan 20, 2011",25.40,25.42,24.37,24.38,44348378
1342,"Jan 19, 2011",25.00,25.39,24.90,25.33,35668352
1343,"Jan 18, 2011",24.93,25.28,24.78,25.00,36108022
1344,"Jan 17, 2011",25.88,25.98,24.90,24.93,61713130
1345,"Jan 14, 2011",26.36,26.46,25.90,25.99,30887970
1346,"Jan 13, 2011",26.61,26.72,26.28,26.49,39024098
1347,"Jan 12, 2011",26.14,26.60,26.00,26.48,45111852
1348,"Jan 11, 2011",25.92,26.28,25.85,26.11,51609466
1349,"Jan 10, 2011",26.45,26.95,25.95,26.02,56583872
1350,"Jan 7, 2011",26.48,27.12,25.90,26.51,131802774
1351,"Jan 6, 2011",27.47,27.47,25.72,26.30,189415730
1352,"Jan 5, 2011",28.30,28.40,27.40,27.49,85510850
1353,"Jan 4, 2011",28.42,28.80,28.25,28.46,49125364
1354,"Dec 31, 2010",27.74,28.24,27.64,28.09,32952198
1355,"Dec 30, 2010",27.77,27.95,27.43,27.60,36243908
1356,"Dec 29, 2010",27.66,27.78,27.40,27.76,25456228
1357,"Dec 28, 2010",27.85,28.28,27.50,27.55,43977230
1358,"Dec 27, 2010",29.30,29.49,27.75,27.89,62151416
1359,"Dec 24, 2010",28.33,28.85,28.10,28.50,37225716
1360,"Dec 23, 2010",28.65,29.08,28.36,28.45,32995408
1361,"Dec 22, 2010",29.25,29.34,28.46,28.64,40991316
1362,"Dec 21, 2010",28.24,29.33,28.13,29.28,65564776
1363,"Dec 20, 2010",28.92,28.98,27.75,28.10,60844064
1364,Date,Open,High,Low,Close,Volume
1365,"Dec 17, 2010",28.99,29.00,28.53,28.75,51757160
1366,"Dec 16, 2010",29.66,29.88,28.82,28.90,68674368
1367,"Dec 15, 2010",30.47,30.60,29.70,29.74,49639708
1368,"Dec 14, 2010",30.50,31.08,30.40,30.48,46066618
1369,"Dec 13, 2010",30.50,30.75,30.14,30.74,78135978
1370,"Dec 10, 2010",29.45,30.54,29.40,30.45,66365444
1371,"Dec 9, 2010",29.45,30.18,29.30,29.60,36162072
1372,"Dec 8, 2010",30.10,30.32,29.56,29.60,36579518
1373,"Dec 7, 2010",29.72,30.43,29.44,30.21,49224706
1374,"Dec 6, 2010",29.24,30.22,29.17,29.89,68315482
1375,"Dec 3, 2010",28.72,29.40,28.65,29.34,67386988
1376,"Dec 2, 2010",28.75,29.02,28.44,28.46,44533690
1377,"Dec 1, 2010",28.20,28.34,27.90,28.00,28350524
1378,"Nov 30, 2010",28.75,29.04,27.85,28.36,51923802
1379,"Nov 29, 2010",28.50,29.10,28.50,28.89,35725686
1380,"Nov 26, 2010",29.06,29.10,28.42,28.60,42616416
1381,"Nov 25, 2010",29.11,29.50,28.68,29.25,49042272
1382,"Nov 24, 2010",28.22,29.34,28.22,29.16,67977334
1383,"Nov 23, 2010",28.80,28.90,27.91,28.10,61546324
1384,"Nov 22, 2010",28.76,29.75,28.70,29.16,70740266
1385,"Nov 19, 2010",29.08,29.12,27.76,28.84,73266948
1386,"Nov 18, 2010",28.93,29.02,28.16,28.82,61653146
1387,"Nov 17, 2010",27.78,29.12,27.66,28.46,99764732
1388,"Nov 16, 2010",29.60,29.60,27.90,28.32,82572210
1389,"Nov 15, 2010",30.05,30.34,29.00,29.78,85199934
1390,"Nov 12, 2010",31.16,32.10,30.06,30.35,120898570
1391,"Nov 11, 2010",30.69,31.88,30.32,31.26,109224250
1392,"Nov 10, 2010",29.98,30.52,29.54,30.50,68116686
1393,"Nov 9, 2010",30.83,30.83,30.00,30.07,67363008
1394,"Nov 8, 2010",31.25,31.28,30.54,30.79,63151216
1395,Date,Open,High,Low,Close,Volume
1396,"Nov 5, 2010",31.25,31.55,30.96,31.25,63490808
1397,"Nov 4, 2010",30.29,31.14,30.22,30.75,65058304
1398,"Nov 3, 2010",30.15,30.80,29.42,30.22,83404786
1399,"Nov 2, 2010",31.03,31.06,30.13,30.25,106070462
1400,"Oct 29, 2010",-,-,-,30.00,0
1401,"Oct 28, 2010",30.15,30.69,30.00,30.42,88222392
1402,"Oct 27, 2010",31.50,31.89,30.50,30.65,120033148
1403,"Oct 26, 2010",33.30,33.30,31.75,32.02,109898344
1404,"Oct 25, 2010",32.48,33.60,31.75,33.40,77998704
1405,"Oct 22, 2010",32.65,33.25,32.20,32.50,61949844
1406,"Oct 21, 2010",33.50,33.50,32.54,32.82,80814594
1407,"Oct 20, 2010",31.32,33.60,31.30,33.50,187022374
1408,"Oct 19, 2010",30.18,31.44,30.16,31.31,68333020
1409,"Oct 18, 2010",31.40,32.10,30.00,30.20,119443508
1410,"Oct 15, 2010",30.25,31.50,30.16,31.38,120737816
1411,"Oct 14, 2010",31.00,31.55,30.35,30.39,140508452
1412,"Oct 13, 2010",29.22,29.78,29.10,29.64,77411436
1413,"Oct 12, 2010",28.94,29.40,28.78,29.26,69903362
1414,"Oct 11, 2010",27.85,29.74,27.85,29.08,140008748
1415,"Oct 8, 2010",26.25,27.76,26.25,27.62,91294854
1416,"Sep 30, 2010",-,-,-,26.44,0
1417,"Sep 29, 2010",25.48,25.87,25.40,25.50,31392172
1418,"Sep 28, 2010",25.67,25.88,25.35,25.50,35274528
1419,"Sep 27, 2010",25.11,25.79,25.05,25.75,57120858
1420,"Sep 21, 2010",-,-,-,25.12,0
1421,"Sep 20, 2010",24.50,25.40,24.22,24.97,56546476
1422,"Sep 17, 2010",24.60,24.64,24.22,24.40,26699950
1423,"Sep 16, 2010",24.65,24.90,24.20,24.46,36071422
1424,"Sep 15, 2010",25.05,25.45,24.64,24.64,47871722
1425,"Sep 14, 2010",24.92,25.38,24.92,25.06,45764372
1426,Date,Open,High,Low,Close,Volume
1427,"Sep 13, 2010",24.56,25.25,24.55,24.82,44329866
1428,"Sep 10, 2010",24.32,24.68,24.24,24.53,34652152
1429,"Sep 9, 2010",25.00,25.01,24.12,24.27,45972868
1430,"Sep 8, 2010",25.28,25.28,24.78,24.96,53448086
1431,"Sep 7, 2010",25.55,25.56,24.99,25.38,57157868
1432,"Sep 6, 2010",24.76,25.65,24.70,25.52,89476758
1433,"Sep 3, 2010",24.40,24.55,24.02,24.44,79005540
1434,"Sep 2, 2010",24.00,24.68,23.70,24.29,184765862
1435,"Sep 1, 2010",-,-,-,23.40,0
1436,"Aug 31, 2010",-,-,-,23.40,0
1437,"Aug 30, 2010",-,-,-,23.40,0
1438,"Aug 27, 2010",-,-,-,23.40,0
1439,"Aug 24, 2010",-,-,-,23.40,0
1440,"Aug 23, 2010",-,-,-,23.40,0
1441,"Aug 20, 2010",-,-,-,23.40,0
1442,"Aug 19, 2010",-,-,-,23.40,0
1443,"Aug 18, 2010",-,-,-,23.40,0
1444,"Aug 17, 2010",-,-,-,23.40,0
1445,"Aug 16, 2010",-,-,-,23.40,0
1446,"Aug 13, 2010",-,-,-,23.40,0
1447,"Aug 12, 2010",-,-,-,23.40,0
1448,"Aug 11, 2010",-,-,-,23.40,0
1449,"Aug 10, 2010",-,-,-,23.40,0
1450,"Aug 9, 2010",-,-,-,23.40,0
1451,"Aug 6, 2010",-,-,-,23.40,0
1452,"Aug 5, 2010",-,-,-,23.40,0
1453,"Aug 4, 2010",-,-,-,23.40,0
1454,"Aug 3, 2010",-,-,-,23.40,0
1455,"Aug 2, 2010",-,-,-,23.40,0
1456,"Jul 16, 2010",-,-,-,23.40,0
1457,Date,Open,High,Low,Close,Volume
1458,"Jul 15, 2010",-,-,-,23.40,0
1459,"Jul 14, 2010",-,-,-,23.40,0
1460,"Jul 13, 2010",-,-,-,23.40,0
1461,"Jul 12, 2010",-,-,-,23.40,0
1462,"Jul 9, 2010",-,-,-,23.40,0
1463,"Jul 8, 2010",-,-,-,23.40,0
1464,"Jul 7, 2010",-,-,-,23.40,0
1465,"Jul 6, 2010",-,-,-,23.40,0
1466,"Jul 5, 2010",-,-,-,23.40,0
1467,"Jul 2, 2010",-,-,-,23.40,0
1468,"Jul 1, 2010",-,-,-,23.40,0
1469,"Jun 30, 2010",-,-,-,23.40,0
1470,"Jun 29, 2010",-,-,-,23.40,0
1471,"Jun 28, 2010",-,-,-,23.40,0
1472,"Jun 25, 2010",23.45,23.96,23.28,23.78,36197198
1473,"Jun 24, 2010",23.32,23.88,23.32,23.61,38730344
1474,"Jun 23, 2010",23.44,23.68,23.08,23.34,42364104
1475,"Jun 22, 2010",23.52,23.65,23.42,23.58,41535968
1476,"Jun 21, 2010",22.68,23.75,22.66,23.52,125828394
1477,"Jun 18, 2010",22.52,22.86,22.40,22.46,45997226
1478,"Jun 17, 2010",22.84,22.94,22.43,22.51,33891512
1479,"Jun 11, 2010",-,-,-,22.66,0
1480,"Jun 10, 2010",22.49,22.65,22.35,22.39,33597320
1481,"Jun 9, 2010",22.25,23.02,21.80,22.84,79492446
1482,"Jun 8, 2010",22.28,22.43,21.86,22.14,33268502
1483,"Jun 7, 2010",22.50,22.66,22.03,22.27,39750626
1484,"Jun 4, 2010",22.66,22.84,22.55,22.78,21899482
1485,"Jun 3, 2010",22.90,23.15,22.63,22.82,38723270
1486,"Jun 2, 2010",22.90,22.90,22.40,22.80,41366696
1487,"Jun 1, 2010",22.60,23.20,22.40,22.96,60811892
1488,Date,Open,High,Low,Close,Volume
1489,"May 31, 2010",22.86,23.11,22.60,22.68,39335638
1490,"May 28, 2010",23.32,23.39,22.80,22.98,38878290
1491,"May 27, 2010",22.68,23.15,22.30,23.05,49060758
1492,"May 26, 2010",22.90,23.12,22.40,22.71,36074282
1493,"May 25, 2010",23.22,23.28,22.60,22.62,52718618
1494,"May 24, 2010",23.03,23.68,22.88,23.44,59905158
1495,"May 21, 2010",21.99,22.76,21.78,22.59,52239956
1496,"May 20, 2010",23.00,23.35,22.40,22.46,61595806
1497,"May 19, 2010",23.04,23.54,22.72,23.16,47375878
1498,"May 18, 2010",22.94,23.68,22.60,23.34,65595156
1499,"May 17, 2010",23.79,23.79,22.70,22.76,76879416
1500,"May 14, 2010",24.20,24.46,24.05,24.15,70814916
1501,"May 13, 2010",24.50,24.83,24.10,24.69,105260306
1502,"May 12, 2010",23.24,24.52,23.12,24.30,126975836
1503,"May 11, 2010",24.68,24.69,23.25,23.41,70870210
1504,"May 10, 2010",23.55,24.30,23.28,24.10,72740168
1505,"May 7, 2010",22.46,23.95,22.46,23.16,75540646
1506,"May 6, 2010",24.30,24.30,23.00,23.12,76719528
1507,"May 5, 2010",24.53,24.84,23.70,24.38,66905542
1508,"May 4, 2010",24.30,25.05,24.22,24.65,43539274
1509,"Apr 30, 2010",-,-,-,24.70,0
1510,"Apr 29, 2010",24.75,24.94,24.20,24.23,36764700
1511,"Apr 28, 2010",24.45,24.86,24.35,24.50,38970828
1512,"Apr 27, 2010",25.20,25.20,24.26,24.82,77057666
1513,"Apr 26, 2010",25.88,26.04,25.34,25.34,45339088
1514,"Apr 23, 2010",26.02,26.48,25.55,25.88,71085038
1515,"Apr 22, 2010",25.85,26.42,25.65,25.88,86583216
1516,"Apr 21, 2010",25.35,26.18,25.25,26.01,90992112
1517,"Apr 20, 2010",24.90,25.47,24.55,25.31,84745206
1518,"Apr 19, 2010",25.25,25.80,24.58,24.60,100153410
1519,Date,Open,High,Low,Close,Volume
1520,"Apr 16, 2010",26.10,26.18,25.50,25.54,48500256
1521,"Apr 15, 2010",26.00,26.44,25.78,26.26,60969760
1522,"Apr 14, 2010",26.00,26.17,25.75,26.11,59288126
1523,"Apr 13, 2010",25.02,26.10,25.02,25.94,120720556
1524,"Apr 12, 2010",25.35,25.48,24.56,24.96,61730898
1525,"Apr 9, 2010",24.98,25.41,24.86,25.35,43148522
1526,"Apr 8, 2010",25.38,25.38,24.74,24.84,49068088
1527,"Apr 7, 2010",25.34,25.68,25.16,25.42,32681302
1528,"Apr 6, 2010",26.00,26.06,25.30,25.46,40584862
1529,"Apr 2, 2010",-,-,-,25.76,0
1530,"Apr 1, 2010",25.20,25.80,25.20,25.64,47830850
1531,"Mar 31, 2010",25.32,25.45,25.08,25.20,40759582
1532,"Mar 30, 2010",25.12,25.50,25.06,25.42,68001626
1533,"Mar 29, 2010",24.35,25.34,24.30,25.12,106880272
1534,"Mar 26, 2010",23.56,24.40,23.55,24.12,57049334
1535,"Mar 25, 2010",23.93,23.93,23.50,23.60,31429756
1536,"Mar 24, 2010",23.96,24.25,23.84,23.94,34946188
1537,"Mar 23, 2010",24.27,24.32,23.75,23.84,37298454
1538,"Mar 22, 2010",24.21,24.40,24.06,24.20,45940172
1539,"Mar 19, 2010",24.02,24.25,23.80,24.23,49306192
1540,"Mar 18, 2010",24.00,24.34,23.95,24.00,68500742
1541,"Mar 17, 2010",22.93,24.24,22.90,24.16,108494344
1542,"Mar 16, 2010",22.80,22.99,22.51,22.83,37056842
1543,"Mar 15, 2010",23.30,23.32,22.63,22.80,52836134
1544,"Mar 12, 2010",23.49,23.68,23.30,23.32,41322960
1545,"Mar 11, 2010",23.62,23.86,23.26,23.50,43716088
1546,"Mar 10, 2010",23.53,23.88,23.42,23.62,61586204
1547,"Mar 9, 2010",23.10,23.85,22.85,23.52,83825684
1548,"Mar 8, 2010",22.80,23.17,22.71,23.08,45399112
1549,"Mar 5, 2010",22.65,22.85,22.55,22.74,49830696
1550,Date,Open,High,Low,Close,Volume
1551,"Mar 4, 2010",23.23,23.34,22.50,22.53,63284522
1552,"Mar 3, 2010",23.32,23.40,22.97,23.21,52000774
1553,"Mar 2, 2010",23.35,23.49,23.16,23.29,67198558
1554,"Mar 1, 2010",22.99,23.44,22.66,23.35,113402752
1555,"Feb 26, 2010",22.52,22.78,22.42,22.51,97438320
1556,"Feb 25, 2010",22.42,22.78,22.36,22.61,122917318
1557,"Feb 24, 2010",22.10,22.39,22.00,22.30,134447772
1558,"Feb 23, 2010",23.94,23.94,22.08,22.36,326781620
1559,"Feb 22, 2010",25.00,25.00,24.52,24.54,38224380
1560,"Feb 12, 2010",-,-,-,25.04,0
1561,"Feb 11, 2010",24.99,25.22,24.86,24.95,34037512
1562,"Feb 10, 2010",24.60,25.05,24.60,25.01,63354910
1563,"Feb 9, 2010",24.12,24.55,24.00,24.36,37005402
1564,"Feb 8, 2010",24.02,24.34,23.80,24.04,35142010
1565,"Feb 5, 2010",24.13,24.32,24.00,24.04,47722858
1566,"Feb 4, 2010",24.60,24.90,24.43,24.65,53226362
1567,"Feb 3, 2010",23.88,24.92,23.70,24.92,109726716
1568,"Feb 2, 2010",24.00,24.72,23.68,23.72,75978958
1569,"Feb 1, 2010",23.48,23.99,23.28,23.92,106637872
1570,"Jan 29, 2010",23.35,23.74,23.00,23.24,61732350
1571,"Jan 28, 2010",23.84,23.86,23.22,23.40,62052966
1572,"Jan 27, 2010",24.40,24.50,23.75,23.80,48275756
1573,"Jan 26, 2010",24.89,25.00,24.25,24.32,45838482
1574,"Jan 25, 2010",24.70,25.34,24.61,24.88,45030440
1575,"Jan 22, 2010",24.50,25.32,24.25,24.98,87596644
1576,"Jan 21, 2010",24.55,25.20,24.46,24.96,61587314
1577,"Jan 20, 2010",25.35,25.42,24.44,24.48,79173166
1578,"Jan 19, 2010",25.14,25.65,25.13,25.29,68172688
1579,"Jan 18, 2010",25.38,25.38,24.97,25.16,83512252
1580,"Jan 15, 2010",25.50,25.68,25.05,25.54,51638572
1581,Date,Open,High,Low,Close,Volume
1582,"Jan 14, 2010",25.40,25.75,24.95,25.49,73852768
1583,"Jan 13, 2010",25.85,26.00,25.14,25.16,116956914
1584,"Jan 12, 2010",26.00,26.50,25.56,26.43,75649990
1585,"Jan 11, 2010",27.25,27.45,25.98,26.18,100280090
1586,"Jan 8, 2010",26.21,26.21,25.65,26.06,64604364
1587,"Jan 7, 2010",26.70,26.90,25.94,26.21,73083638
1588,"Jan 6, 2010",27.20,27.45,26.65,26.70,66409204
1589,"Jan 5, 2010",27.02,27.60,26.40,27.28,72031524
1590,"Jan 4, 2010",27.74,27.80,26.92,26.94,58728024
1591,"Dec 31, 2009",-,-,-,27.54,0
1592,"Dec 30, 2009",26.24,27.52,26.22,27.28,143611976
1593,"Dec 29, 2009",26.30,26.38,25.90,26.17,58288550
1594,"Dec 28, 2009",25.91,26.52,25.91,26.19,85278950
1595,"Dec 25, 2009",26.00,26.29,25.89,25.95,51680434
1596,"Dec 24, 2009",25.40,26.20,25.25,26.14,92066456
1597,"Dec 23, 2009",25.52,25.75,25.14,25.47,69577626
1598,"Dec 22, 2009",26.34,26.45,25.35,25.46,71965796
1599,"Dec 21, 2009",26.30,26.62,25.90,26.24,108557636
1600,"Dec 18, 2009",-,-,-,27.28,0
1601,"Dec 17, 2009",28.06,28.22,27.20,27.28,61203030
1602,"Dec 16, 2009",28.10,28.45,28.00,28.04,35170462
1603,"Dec 15, 2009",28.50,28.54,28.00,28.12,47607558
1604,"Dec 14, 2009",28.40,28.95,27.75,28.66,61295034
1605,"Dec 11, 2009",28.55,29.09,28.45,28.52,39348064
1606,"Dec 10, 2009",28.78,28.84,28.22,28.54,46152336
1607,"Dec 9, 2009",28.80,28.80,28.42,28.48,56845110
1608,"Dec 8, 2009",29.96,30.06,28.94,29.12,66670400
1609,"Dec 7, 2009",29.75,30.06,29.45,29.87,77341946
1610,"Dec 4, 2009",28.30,30.30,28.00,29.96,168137882
1611,"Dec 3, 2009",28.80,28.80,28.18,28.43,57412526
1612,Date,Open,High,Low,Close,Volume
1613,"Dec 2, 2009",28.75,29.10,28.72,28.86,62111964
1614,"Dec 1, 2009",28.24,28.78,27.90,28.54,77543834
1615,"Nov 30, 2009",27.99,28.48,27.64,28.41,75871362
1616,"Nov 27, 2009",28.74,28.74,27.64,27.68,112672492
1617,"Nov 26, 2009",30.20,30.50,28.79,28.94,118443118
1618,"Nov 25, 2009",29.46,30.26,29.26,30.22,86387454
1619,"Nov 24, 2009",29.78,30.20,29.19,29.44,143792162
1620,"Nov 23, 2009",29.82,29.82,29.22,29.56,171946010
1621,"Nov 20, 2009",30.24,30.24,29.45,29.80,116067382
1622,"Nov 19, 2009",30.70,30.90,30.05,30.26,60364524
1623,"Nov 18, 2009",31.14,31.14,30.60,30.68,37072004
1624,"Nov 17, 2009",31.30,31.48,30.80,30.98,32227152
1625,"Nov 16, 2009",30.50,31.10,30.44,31.01,49504066
1626,"Nov 13, 2009",30.35,30.42,29.84,30.26,49670228
1627,"Nov 12, 2009",30.90,31.15,30.14,30.43,34497958
1628,"Nov 11, 2009",30.59,30.96,30.40,30.65,39790858
1629,"Nov 10, 2009",30.75,31.48,30.45,30.51,45697678
1630,"Nov 9, 2009",30.08,30.65,29.70,30.64,42473402
1631,"Nov 6, 2009",30.40,30.56,29.98,30.00,31240596
1632,"Nov 5, 2009",30.24,30.38,29.60,29.98,37206192
1633,"Nov 4, 2009",30.25,30.60,29.78,30.25,36987908
1634,"Nov 3, 2009",29.86,30.71,29.66,30.37,65597092
1635,"Nov 2, 2009",27.35,30.18,27.29,29.86,71684086
1636,"Oct 30, 2009",28.55,28.75,27.94,27.98,42346576
1637,"Oct 29, 2009",28.15,28.54,27.52,27.78,59377038
1638,"Oct 28, 2009",29.40,29.60,28.40,28.83,52626400
1639,"Oct 27, 2009",29.35,30.06,28.96,29.48,49517676
1640,"Oct 26, 2009",29.50,30.00,29.38,29.68,48130434
1641,"Oct 23, 2009",28.76,29.58,28.76,29.25,40681734
1642,"Oct 22, 2009",28.88,29.28,28.56,28.65,37390180
1643,Date,Open,High,Low,Close,Volume
1644,"Oct 21, 2009",29.44,29.75,28.96,29.00,44303890
1645,"Oct 20, 2009",28.95,29.50,28.95,29.44,47462928
1646,"Oct 19, 2009",27.94,28.95,27.85,28.92,51806572
1647,"Oct 16, 2009",28.18,28.58,27.52,28.02,38207602
1648,"Oct 15, 2009",28.20,28.54,27.88,28.10,45618976
1649,"Oct 14, 2009",27.30,28.22,27.12,27.64,70668192
1650,"Oct 13, 2009",26.60,27.25,26.46,27.20,46623814
1651,"Oct 12, 2009",26.68,27.29,26.60,26.60,58748484
1652,"Oct 9, 2009",26.16,26.70,25.93,26.66,61176322
1653,"Sep 30, 2009",25.23,25.65,25.00,25.35,36367690
1654,"Sep 29, 2009",24.65,25.24,24.52,25.08,37915012
1655,"Sep 28, 2009",25.81,26.00,24.49,24.69,46576748
1656,"Sep 25, 2009",25.00,26.15,25.00,25.76,56281944
1657,"Sep 24, 2009",24.68,25.78,24.19,25.42,70281782
1658,"Sep 23, 2009",25.59,25.78,24.79,24.90,51000982
1659,"Sep 22, 2009",25.72,26.54,25.19,25.34,53288266
1660,"Sep 21, 2009",25.25,26.08,24.91,25.86,54421326
1661,"Sep 18, 2009",26.50,26.65,25.30,25.48,57991486
1662,"Sep 17, 2009",25.80,26.78,25.80,26.62,56005308
1663,"Sep 16, 2009",26.01,26.19,25.35,25.59,53458656
1664,"Sep 15, 2009",26.50,26.60,25.91,26.22,46088156
1665,"Sep 14, 2009",26.32,26.65,26.15,26.48,41854352
1666,"Sep 11, 2009",25.35,26.54,25.35,26.32,60004652
1667,"Sep 10, 2009",25.33,25.75,25.18,25.32,35320922
1668,"Sep 9, 2009",25.60,26.02,25.15,25.48,46823142
1669,"Sep 8, 2009",24.95,25.48,24.40,25.46,48847490
1670,"Sep 7, 2009",25.00,25.84,24.85,25.10,89745472
1671,"Sep 4, 2009",24.40,25.00,24.25,24.60,57396044
1672,"Sep 3, 2009",23.05,24.70,22.75,24.48,109975572
1673,"Sep 2, 2009",22.10,23.22,22.00,23.06,71117136
1674,Date,Open,High,Low,Close,Volume
1675,"Sep 1, 2009",21.62,23.02,21.50,22.46,95860984
1676,"Aug 31, 2009",22.90,22.93,21.44,21.64,98734082
1677,"Aug 28, 2009",24.38,24.58,23.01,23.18,107053204
1678,"Aug 27, 2009",24.58,24.94,24.00,24.30,57306636
1679,"Aug 26, 2009",24.35,25.10,24.00,24.82,65072858
1680,"Aug 25, 2009",25.74,25.74,23.93,24.41,95290320
1681,"Aug 24, 2009",26.06,26.20,25.25,25.83,63289824
1682,"Aug 21, 2009",25.90,26.21,25.30,25.74,77340122
1683,"Aug 20, 2009",24.50,26.25,24.16,25.91,101630394
1684,"Aug 19, 2009",25.00,25.32,24.00,24.42,71543570
1685,"Aug 18, 2009",25.15,25.54,24.00,25.04,106579506
1686,"Aug 17, 2009",25.87,26.84,25.14,25.28,108986124
1687,"Aug 14, 2009",26.75,27.15,25.95,26.31,62001322
1688,"Aug 13, 2009",26.60,27.02,26.34,26.91,84280540
1689,"Aug 12, 2009",27.79,27.90,26.48,26.62,79860340
1690,"Aug 11, 2009",27.82,27.98,27.42,27.74,47519732
1691,"Aug 10, 2009",28.10,28.29,27.24,27.81,73632972
1692,"Aug 7, 2009",-,-,-,28.37,0
1693,"Aug 6, 2009",29.22,29.22,27.58,28.37,93096596
1694,"Aug 5, 2009",30.30,30.30,29.15,29.20,80656782
1695,"Aug 4, 2009",31.56,31.60,30.05,30.40,58176124
1696,"Aug 3, 2009",30.68,31.45,30.14,31.40,62095206
1697,"Jul 31, 2009",30.25,30.72,29.92,30.52,53580262
1698,"Jul 30, 2009",30.00,30.98,29.00,29.82,76440104
1699,"Jul 29, 2009",31.20,31.72,28.16,29.56,70936592
1700,"Jul 28, 2009",31.90,31.98,30.85,31.23,48725778
1701,"Jul 27, 2009",31.23,32.05,30.60,31.98,64740648
1702,"Jul 24, 2009",31.25,31.65,30.54,31.00,43498250
1703,"Jul 23, 2009",31.20,31.25,30.40,31.04,50329718
1704,"Jul 22, 2009",30.94,31.50,30.29,31.03,65427970
