Jun 03, 2016 	1.1830 	1.1803 	1.1846 	1.1726 	0.22%
Jun 02, 2016 	1.1803 	1.1821 	1.1830 	1.1782 	-0.15%
Jun 01, 2016 	1.1821 	1.1805 	1.1832 	1.1777 	0.14%
May 31, 2016 	1.1805 	1.1804 	1.1822 	1.1789 	0.01%
May 30, 2016 	1.1804 	1.1822 	1.1830 	1.1776 	-0.25%
May 27, 2016 	1.1833 	1.1843 	1.1867 	1.1819 	-0.08%
May 26, 2016 	1.1843 	1.1851 	1.1859 	1.1829 	-0.07%
May 25, 2016 	1.1851 	1.1847 	1.1858 	1.1818 	0.03%
May 24, 2016 	1.1847 	1.1850 	1.1879 	1.1837 	-0.03%
May 23, 2016 	1.1850 	1.1864 	1.1885 	1.1818 	-0.15%
May 20, 2016 	1.1868 	1.1865 	1.1882 	1.1848 	0.02%
May 19, 2016 	1.1865 	1.1879 	1.1883 	1.1848 	-0.12%
May 18, 2016 	1.1879 	1.1904 	1.1930 	1.1864 	-0.21%
May 17, 2016 	1.1904 	1.1904 	1.1928 	1.1884 	0.00%
May 16, 2016 	1.1904 	1.1896 	1.1917 	1.1856 	0.17%
May 13, 2016 	1.1883 	1.1907 	1.1932 	1.1862 	-0.20%
May 12, 2016 	1.1907 	1.1954 	1.1957 	1.1897 	-0.39%
May 11, 2016 	1.1954 	1.1909 	1.1974 	1.1900 	0.37%
May 10, 2016 	1.1909 	1.1913 	1.1925 	1.1892 	-0.03%
May 09, 2016 	1.1913 	1.1926 	1.1957 	1.1902 	-0.25%
May 06, 2016 	1.1943 	1.1932 	1.1967 	1.1889 	0.09%
May 05, 2016 	1.1932 	1.1950 	1.1957 	1.1895 	-0.15%
May 04, 2016 	1.1950 	1.1940 	1.1964 	1.1923 	0.08%
May 03, 2016 	1.1940 	1.1987 	1.2016 	1.1931 	-0.39%
May 02, 2016 	1.1987 	1.1989 	1.2100 	1.1970 	0.07%
Apr 29, 2016 	1.1978 	1.1981 	1.2005 	1.1952 	-0.02%
Apr 28, 2016 	1.1981 	1.1948 	1.1989 	1.1926 	0.28%
Apr 27, 2016 	1.1948 	1.1941 	1.1983 	1.1924 	0.05%
Apr 26, 2016 	1.1941 	1.1942 	1.1967 	1.1920 	-0.01%
Apr 25, 2016 	1.1942 	1.1934 	1.1960 	1.1905 	0.13%
Apr 22, 2016 	1.1927 	1.1968 	1.1976 	1.1922 	-0.34%
Apr 21, 2016 	1.1968 	1.1990 	1.1998 	1.1947 	-0.18%
Apr 20, 2016 	1.1990 	1.2010 	1.2016 	1.1976 	-0.16%
Apr 19, 2016 	1.2010 	1.1976 	1.2019 	1.1969 	0.28%
Apr 18, 2016 	1.1976 	1.1984 	1.1996 	1.1959 	0.03%
Apr 15, 2016 	1.1972 	1.1968 	1.1990 	1.1946 	0.03%
Apr 14, 2016 	1.1968 	1.1976 	1.1980 	1.1952 	-0.06%
Apr 13, 2016 	1.1976 	1.1992 	1.2016 	1.1960 	-0.15%
Apr 12, 2016 	1.1994 	1.2004 	1.2018 	1.1975 	-0.08%
Apr 11, 2016 	1.2004 	1.2004 	1.2042 	1.1973 	0.05%
Apr 08, 2016 	1.1997 	1.1989 	1.2012 	1.1963 	0.07%
Apr 07, 2016 	1.1989 	1.1969 	1.2027 	1.1963 	0.16%
Apr 06, 2016 	1.1969 	1.1973 	1.1986 	1.1947 	-0.03%
Apr 05, 2016 	1.1973 	1.1969 	1.1998 	1.1967 	0.03%
Apr 04, 2016 	1.1969 	1.1970 	1.2011 	1.1947 	0.04%
Apr 01, 2016 	1.1964 	1.2028 	1.2029 	1.1945 	-0.50%
Mar 31, 2016 	1.2025 	1.1992 	1.2038 	1.1983 	0.27%
Mar 30, 2016 	1.1992 	1.1922 	1.2003 	1.1913 	0.60%
Mar 29, 2016 	1.1921 	1.1930 	1.1959 	1.1906 	-0.08%
Mar 28, 2016 	1.1931 	1.1884 	1.1977 	1.1883 	0.05%
Mar 25, 2016 	1.1924 	1.1896 	1.1933 	1.1889 	0.24%
Mar 24, 2016 	1.1896 	1.1917 	1.1940 	1.1890 	-0.18%
Mar 23, 2016 	1.1917 	1.1944 	1.1956 	1.1897 	-0.22%
Mar 22, 2016 	1.1944 	1.1954 	1.1962 	1.1927 	-0.09%
Mar 21, 2016 	1.1954 	1.1989 	1.2008 	1.1946 	-0.30%
Mar 18, 2016 	1.1990 	1.1978 	1.2017 	1.1962 	0.10%
Mar 17, 2016 	1.1978 	1.1901 	1.1990 	1.1887 	0.65%
Mar 16, 2016 	1.1901 	1.1913 	1.2043 	1.1886 	-0.10%
Mar 15, 2016 	1.1913 	1.1935 	1.1955 	1.1894 	-0.18%
Mar 14, 2016 	1.1935 	1.2018 	1.2021 	1.1927 	-0.08%
Mar 11, 2016 	1.1945 	1.1924 	1.1971 	1.1919 	0.18%
Mar 10, 2016 	1.1924 	1.1920 	1.1947 	1.1889 	0.03%
Mar 09, 2016 	1.1920 	1.1946 	1.1949 	1.1911 	-0.21%
Mar 08, 2016 	1.1946 	1.1915 	1.1967 	1.1911 	0.26%
Mar 07, 2016 	1.1915 	1.1901 	1.1932 	1.1895 	-0.07%
Mar 04, 2016 	1.1924 	1.1892 	1.1954 	1.1886 	0.26%
Mar 03, 2016 	1.1892 	1.1866 	1.1954 	1.1862 	0.21%
Mar 02, 2016 	1.1867 	1.1864 	1.1892 	1.1837 	0.03%
Mar 01, 2016 	1.1864 	1.1863 	1.1893 	1.1836 	0.00%
Feb 29, 2016 	1.1863 	1.1796 	1.1883 	1.1784 	-0.18%
Feb 26, 2016 	1.1884 	1.1897 	1.1918 	1.1873 	-0.10%
Feb 25, 2016 	1.1897 	1.1889 	1.1904 	1.1874 	0.05%
Feb 24, 2016 	1.1891 	1.1905 	1.1961 	1.1877 	-0.12%
Feb 23, 2016 	1.1905 	1.1916 	1.1925 	1.1887 	-0.08%
Feb 22, 2016 	1.1916 	1.1907 	1.1940 	1.1883 	-0.06%
Feb 19, 2016 	1.1923 	1.1936 	1.1967 	1.1908 	-0.11%
Feb 18, 2016 	1.1936 	1.1924 	1.1957 	1.1918 	0.10%
Feb 17, 2016 	1.1924 	1.1952 	1.1966 	1.1911 	-0.24%
Feb 16, 2016 	1.1952 	1.1991 	1.1993 	1.1943 	-0.33%
Feb 15, 2016 	1.1991 	1.1869 	1.1997 	1.1852 	1.22%
Feb 12, 2016 	1.1846 	1.1852 	1.1860 	1.1827 	-0.05%
Feb 11, 2016 	1.1852 	1.1853 	1.1906 	1.1835 	-0.01%
Feb 10, 2016 	1.1853 	1.1859 	1.1868 	1.1832 	-0.05%
Feb 09, 2016 	1.1859 	1.1856 	1.2025 	1.1843 	0.03%
Feb 08, 2016 	1.1856 	1.1838 	1.1881 	1.1826 	0.03%
Feb 05, 2016 	1.1853 	1.1861 	1.1873 	1.1832 	-0.07%
Feb 04, 2016 	1.1861 	1.1856 	1.1875 	1.1827 	0.04%
Feb 03, 2016 	1.1856 	1.1840 	1.2070 	1.1830 	0.14%
Feb 02, 2016 	1.1840 	1.1822 	1.1910 	1.1813 	0.15%
Feb 01, 2016 	1.1822 	1.1783 	1.1893 	1.1783 	-0.12%
Jan 29, 2016 	1.1836 	1.1846 	1.1863 	1.1828 	-0.09%
Jan 28, 2016 	1.1847 	1.1847 	1.1921 	1.1834 	0.00%
Jan 27, 2016 	1.1847 	1.1838 	1.1928 	1.1821 	0.08%
Jan 26, 2016 	1.1838 	1.1851 	1.1943 	1.1826 	-0.11%
Jan 25, 2016 	1.1851 	1.1854 	1.1926 	1.1826 	-0.03%
Jan 22, 2016 	1.1855 	1.1865 	1.1879 	1.1832 	-0.08%
Jan 21, 2016 	1.1865 	1.1884 	1.1924 	1.1859 	-0.16%
Jan 20, 2016 	1.1884 	1.1895 	1.1935 	1.1872 	-0.09%
Jan 19, 2016 	1.1895 	1.1856 	1.1977 	1.1851 	0.33%
Jan 18, 2016 	1.1856 	1.1890 	1.1903 	1.1840 	0.10%
Jan 15, 2016 	1.1844 	1.1808 	1.1879 	1.1775 	0.30%
Jan 14, 2016 	1.1808 	1.1791 	1.1828 	1.1782 	0.03%
Jan 13, 2016 	1.1804 	1.1805 	1.1819 	1.1785 	-0.01%
Jan 12, 2016 	1.1805 	1.1818 	1.1827 	1.1784 	-0.13%
Jan 11, 2016 	1.1820 	1.1898 	1.1903 	1.1702 	0.48%
Jan 08, 2016 	1.1764 	1.1764 	1.1810 	1.1749 	0.00%
Jan 07, 2016 	1.1764 	1.1824 	1.1880 	1.1748 	-0.51%
Jan 06, 2016 	1.1824 	1.1883 	1.1904 	1.1804 	-0.49%
Jan 05, 2016 	1.1882 	1.1857 	1.1902 	1.1853 	0.21%
Jan 04, 2016 	1.1857 	1.1892 	1.1951 	1.1822 	-0.67%
Jan 01, 2016 	1.1937 	1.1941 	1.1941 	1.1937 	-0.03%
Dec 31, 2015 	1.1941 	1.1941 	1.1962 	1.1924 	0.00%
Dec 30, 2015 	1.1941 	1.1951 	1.1957 	1.1930 	-0.08%
Dec 29, 2015 	1.1951 	1.1948 	1.1964 	1.1896 	0.03%
Dec 28, 2015 	1.1948 	1.1990 	1.2004 	1.1933 	1.74%
Dec 25, 2015 	1.1744 	1.1993 	1.2054 	1.1744 	-2.08%
Dec 24, 2015 	1.1993 	1.1966 	1.1994 	1.1955 	0.23%
Dec 23, 2015 	1.1966 	1.1965 	1.1983 	1.1943 	0.01%
Dec 22, 2015 	1.1965 	1.1962 	1.1986 	1.1954 	0.03%
Dec 21, 2015 	1.1962 	1.1960 	1.2027 	1.1951 	0.03%
Dec 18, 2015 	1.1959 	1.1959 	1.2005 	1.1932 	0.00%
Dec 17, 2015 	1.1959 	1.1975 	1.1983 	1.1939 	-0.13%
Dec 16, 2015 	1.1975 	1.1995 	1.2004 	1.1952 	-0.17%
Dec 15, 2015 	1.1995 	1.1995 	1.2037 	1.1914 	0.00%
Dec 14, 2015 	1.1995 	1.2057 	1.2059 	1.1988 	-0.05%
Dec 11, 2015 	1.2001 	1.2041 	1.2046 	1.1995 	-0.33%
Dec 10, 2015 	1.2041 	1.2054 	1.2072 	1.2025 	-0.10%
Dec 09, 2015 	1.2053 	1.2079 	1.2194 	1.2045 	-0.22%
Dec 08, 2015 	1.2079 	1.2094 	1.2143 	1.2055 	-0.11%
Dec 07, 2015 	1.2092 	1.2134 	1.2142 	1.2071 	-0.19%
Dec 04, 2015 	1.2115 	1.2112 	1.2159 	1.2095 	0.02%
Dec 03, 2015 	1.2112 	1.2112 	1.2555 	1.2040 	0.00%
Dec 02, 2015 	1.2112 	1.2112 	1.2150 	1.2060 	0.00%
Dec 01, 2015 	1.2112 	1.2115 	1.2151 	1.2104 	-0.02%
Nov 30, 2015 	1.2115 	1.2129 	1.2140 	1.2102 	-0.04%
Nov 27, 2015 	1.2120 	1.2128 	1.2133 	1.2108 	-0.07%
Nov 26, 2015 	1.2128 	1.2130 	1.2140 	1.2118 	-0.02%
Nov 25, 2015 	1.2130 	1.2129 	1.2182 	1.2110 	0.01%
Nov 24, 2015 	1.2129 	1.2134 	1.2149 	1.2117 	-0.04%
Nov 23, 2015 	1.2134 	1.2103 	1.2148 	1.2060 	-0.02%
Nov 20, 2015 	1.2136 	1.2144 	1.2156 	1.2127 	-0.07%
Nov 19, 2015 	1.2144 	1.2138 	1.2173 	1.2130 	0.05%
Nov 18, 2015 	1.2138 	1.2151 	1.2162 	1.2114 	-0.11%
Nov 17, 2015 	1.2151 	1.2166 	1.2177 	1.2135 	-0.12%
Nov 16, 2015 	1.2166 	1.2077 	1.2187 	1.2077 	0.02%
Nov 13, 2015 	1.2163 	1.2167 	1.2192 	1.2146 	-0.03%
Nov 12, 2015 	1.2167 	1.2171 	1.2293 	1.2153 	-0.03%
Nov 11, 2015 	1.2171 	1.2181 	1.2231 	1.2162 	-0.08%
Nov 10, 2015 	1.2181 	1.2182 	1.2196 	1.2160 	-0.01%
Nov 09, 2015 	1.2182 	1.2195 	1.2214 	1.2088 	-0.17%
Nov 06, 2015 	1.2203 	1.2215 	1.2242 	1.2038 	-0.10%
Nov 05, 2015 	1.2215 	1.2235 	1.2240 	1.2178 	-0.16%
Nov 04, 2015 	1.2235 	1.2229 	1.2245 	1.2222 	0.05%
Nov 03, 2015 	1.2229 	1.2228 	1.2275 	1.2210 	0.01%
Nov 02, 2015 	1.2228 	1.2284 	1.2303 	1.2210 	-0.31%
Oct 30, 2015 	1.2266 	1.2190 	1.2279 	1.2183 	0.62%
Oct 29, 2015 	1.2190 	1.2180 	1.2204 	1.2179 	0.08%
Oct 28, 2015 	1.2180 	1.2199 	1.2204 	1.2168 	-0.16%
Oct 27, 2015 	1.2199 	1.2205 	1.2232 	1.2188 	-0.05%
Oct 26, 2015 	1.2205 	1.2202 	1.2235 	1.2186 	0.02%
Oct 23, 2015 	1.2202 	1.2188 	1.2228 	1.2173 	0.11%
Oct 22, 2015 	1.2188 	1.2207 	1.2217 	1.2176 	-0.16%
Oct 21, 2015 	1.2207 	1.2208 	1.2224 	1.2194 	-0.01%
Oct 20, 2015 	1.2208 	1.2186 	1.2230 	1.2168 	0.18%
Oct 19, 2015 	1.2186 	1.2214 	1.2255 	1.2175 	-0.04%
Oct 16, 2015 	1.2191 	1.2210 	1.2233 	1.2170 	-0.16%
Oct 15, 2015 	1.2210 	1.2210 	1.2259 	1.2194 	0.00%
Oct 14, 2015 	1.2210 	1.2216 	1.2237 	1.2156 	-0.05%
Oct 13, 2015 	1.2216 	1.2255 	1.2264 	1.2206 	-0.32%
Oct 12, 2015 	1.2255 	1.2212 	1.2267 	1.2208 	0.37%
Oct 09, 2015 	1.2210 	1.2196 	1.2226 	1.2190 	0.11%
Oct 08, 2015 	1.2196 	1.2192 	1.2210 	1.2167 	0.03%
Oct 07, 2015 	1.2192 	1.2193 	1.2206 	1.2183 	-0.01%
Oct 06, 2015 	1.2193 	1.2197 	1.2205 	1.2183 	-0.03%
Oct 05, 2015 	1.2197 	1.2206 	1.2234 	1.2183 	0.02%
Oct 02, 2015 	1.2195 	1.2195 	1.2268 	1.2181 	0.00%
Oct 01, 2015 	1.2195 	1.2192 	1.2213 	1.2180 	0.03%
Sep 30, 2015 	1.2191 	1.2178 	1.2204 	1.2169 	0.10%
Sep 29, 2015 	1.2179 	1.2170 	1.2190 	1.2156 	0.07%
Sep 28, 2015 	1.2170 	1.2162 	1.2200 	1.2155 	0.09%
Sep 25, 2015 	1.2159 	1.2142 	1.2179 	1.2133 	0.14%
Sep 24, 2015 	1.2142 	1.2142 	1.2185 	1.2129 	0.00%
Sep 23, 2015 	1.2142 	1.2158 	1.2162 	1.2086 	-0.13%
Sep 22, 2015 	1.2158 	1.2168 	1.2182 	1.2145 	-0.08%
Sep 21, 2015 	1.2168 	1.2160 	1.2196 	1.2157 	-0.02%
Sep 18, 2015 	1.2170 	1.2181 	1.2259 	1.2160 	-0.07%
Sep 17, 2015 	1.2179 	1.2166 	1.2188 	1.2066 	0.08%
Sep 16, 2015 	1.2169 	1.2165 	1.2179 	1.2139 	0.03%
Sep 15, 2015 	1.2165 	1.2172 	1.2182 	1.2146 	-0.06%
Sep 14, 2015 	1.2172 	1.2166 	1.2260 	1.2153 	0.07%
Sep 11, 2015 	1.2163 	1.2150 	1.2176 	1.2145 	0.11%
Sep 10, 2015 	1.2150 	1.2151 	1.2172 	1.2122 	-0.01%
Sep 09, 2015 	1.2151 	1.2171 	1.2186 	1.2111 	-0.16%
Sep 08, 2015 	1.2171 	1.2171 	1.2200 	1.2145 	0.00%
Sep 07, 2015 	1.2171 	1.2201 	1.2224 	1.2146 	-0.16%
Sep 04, 2015 	1.2191 	1.2196 	1.2205 	1.2146 	-0.04%
Sep 03, 2015 	1.2196 	1.2186 	1.2206 	1.2159 	0.05%
Sep 02, 2015 	1.2190 	1.2183 	1.2211 	1.2165 	0.06%
Sep 01, 2015 	1.2183 	1.2151 	1.2190 	1.2128 	0.25%
Aug 31, 2015 	1.2153 	1.2155 	1.2210 	1.2120 	0.23%
Aug 28, 2015 	1.2125 	1.2096 	1.2145 	1.2085 	0.24%
Aug 27, 2015 	1.2096 	1.2095 	1.2128 	1.2060 	0.01%
Aug 26, 2015 	1.2095 	1.2092 	1.2157 	1.2057 	0.06%
Aug 25, 2015 	1.2088 	1.2101 	1.2124 	1.1997 	-0.11%
Aug 24, 2015 	1.2101 	1.2126 	1.2291 	1.2085 	-0.33%
Aug 21, 2015 	1.2141 	1.2131 	1.2146 	1.2105 	0.08%
Aug 20, 2015 	1.2131 	1.2124 	1.2144 	1.2108 	0.06%
Aug 19, 2015 	1.2124 	1.2128 	1.2139 	1.2044 	-0.03%
Aug 18, 2015 	1.2128 	1.2128 	1.2140 	1.2085 	0.00%
Aug 17, 2015 	1.2128 	1.2114 	1.2139 	1.2100 	-0.02%
Aug 14, 2015 	1.2130 	1.2124 	1.2164 	1.2052 	0.05%
Aug 13, 2015 	1.2124 	1.2146 	1.2150 	1.2033 	-0.18%
Aug 12, 2015 	1.2146 	1.2263 	1.2282 	1.2022 	-0.95%
Aug 11, 2015 	1.2263 	1.2482 	1.2493 	1.2246 	-1.75%
Aug 10, 2015 	1.2482 	1.2482 	1.2497 	1.2443 	-0.06%
Aug 07, 2015 	1.2490 	1.2478 	1.2500 	1.2438 	0.07%
Aug 06, 2015 	1.2481 	1.2484 	1.2494 	1.2472 	-0.02%
Aug 05, 2015 	1.2484 	1.2481 	1.2678 	1.2442 	0.02%
Aug 04, 2015 	1.2481 	1.2484 	1.2567 	1.2471 	-0.02%
Aug 03, 2015 	1.2484 	1.2467 	1.2502 	1.2464 	-0.02%
Jul 31, 2015 	1.2486 	1.2485 	1.2557 	1.2470 	0.01%
Jul 30, 2015 	1.2485 	1.2478 	1.2503 	1.2463 	0.06%
Jul 29, 2015 	1.2478 	1.2486 	1.2508 	1.2461 	-0.06%
Jul 28, 2015 	1.2486 	1.2484 	1.2496 	1.2472 	0.02%
Jul 27, 2015 	1.2484 	1.2477 	1.2524 	1.2425 	-0.05%
Jul 24, 2015 	1.2490 	1.2479 	1.2493 	1.2470 	0.09%
Jul 23, 2015 	1.2479 	1.2480 	1.2504 	1.2437 	-0.01%
Jul 22, 2015 	1.2480 	1.2482 	1.2496 	1.2443 	0.01%
Jul 21, 2015 	1.2479 	1.2482 	1.2494 	1.2450 	-0.02%
Jul 20, 2015 	1.2482 	1.2482 	1.2618 	1.2468 	0.03%
Jul 17, 2015 	1.2478 	1.2487 	1.2492 	1.2468 	-0.07%
Jul 16, 2015 	1.2487 	1.2480 	1.2507 	1.2470 	0.06%
Jul 15, 2015 	1.2480 	1.2484 	1.2516 	1.2469 	-0.03%
Jul 14, 2015 	1.2484 	1.2487 	1.2496 	1.2470 	-0.02%
Jul 13, 2015 	1.2487 	1.2447 	1.2619 	1.2426 	0.04%
Jul 10, 2015 	1.2482 	1.2488 	1.2512 	1.2464 	-0.05%
Jul 09, 2015 	1.2488 	1.2483 	1.2517 	1.2445 	0.04%
Jul 08, 2015 	1.2483 	1.2485 	1.2513 	1.2472 	-0.02%
Jul 07, 2015 	1.2485 	1.2487 	1.2514 	1.2388 	-0.02%
Jul 06, 2015 	1.2487 	1.2360 	1.2517 	1.2358 	-0.04%
Jul 03, 2015 	1.2492 	1.2494 	1.2518 	1.2476 	-0.02%
Jul 02, 2015 	1.2494 	1.2502 	1.2538 	1.2479 	-0.06%
Jul 01, 2015 	1.2502 	1.2481 	1.2542 	1.2478 	0.14%
Jun 30, 2015 	1.2485 	1.2487 	1.2526 	1.2473 	-0.05%
Jun 29, 2015 	1.2491 	1.2278 	1.2502 	1.2278 	-0.02%
Jun 26, 2015 	1.2493 	1.2479 	1.2508 	1.2453 	0.11%
Jun 25, 2015 	1.2479 	1.2489 	1.2505 	1.2466 	-0.08%
Jun 24, 2015 	1.2489 	1.2495 	1.2502 	1.2456 	-0.05%
Jun 23, 2015 	1.2495 	1.2483 	1.2527 	1.2473 	0.10%
Jun 22, 2015 	1.2483 	1.2497 	1.2539 	1.2471 	0.01%
Jun 19, 2015 	1.2482 	1.2488 	1.2497 	1.2452 	-0.05%
Jun 18, 2015 	1.2488 	1.2476 	1.2533 	1.2452 	0.05%
Jun 17, 2015 	1.2482 	1.2485 	1.2511 	1.2376 	-0.02%
Jun 16, 2015 	1.2484 	1.2487 	1.2502 	1.2471 	-0.02%
Jun 15, 2015 	1.2487 	1.2440 	1.2497 	1.2407 	-0.05%
Jun 12, 2015 	1.2493 	1.2494 	1.2522 	1.2473 	-0.01%
Jun 11, 2015 	1.2494 	1.2492 	1.2510 	1.2456 	0.02%
Jun 10, 2015 	1.2492 	1.2497 	1.2516 	1.2472 	-0.04%
Jun 09, 2015 	1.2497 	1.2492 	1.2512 	1.2481 	0.04%
Jun 08, 2015 	1.2492 	1.2488 	1.2548 	1.2459 	-0.03%
Jun 05, 2015 	1.2496 	1.2502 	1.2521 	1.2467 	-0.05%
Jun 04, 2015 	1.2502 	1.2510 	1.2538 	1.2470 	-0.05%
Jun 03, 2015 	1.2508 	1.2505 	1.2544 	1.2493 	0.02%
Jun 02, 2015 	1.2505 	1.2508 	1.2526 	1.2448 	-0.02%
Jun 01, 2015 	1.2508 	1.2468 	1.2528 	1.2436 	0.01%
May 29, 2015 	1.2507 	1.2505 	1.2522 	1.2491 	0.02%
May 28, 2015 	1.2505 	1.2510 	1.2522 	1.2464 	-0.03%
May 27, 2015 	1.2509 	1.2492 	1.2522 	1.2485 	0.14%
May 26, 2015 	1.2492 	1.2495 	1.2513 	1.2474 	-0.02%
May 25, 2015 	1.2494 	1.2479 	1.2512 	1.2439 	-0.08%
May 22, 2015 	1.2504 	1.2513 	1.2538 	1.2470 	-0.07%
May 21, 2015 	1.2513 	1.2503 	1.2526 	1.2484 	0.08%
May 20, 2015 	1.2503 	1.2488 	1.2515 	1.2439 	0.12%
May 19, 2015 	1.2488 	1.2498 	1.2508 	1.2478 	-0.08%
May 18, 2015 	1.2498 	1.2487 	1.2552 	1.2455 	0.04%
May 15, 2015 	1.2493 	1.2501 	1.2507 	1.2457 	-0.06%
May 14, 2015 	1.2501 	1.2496 	1.2513 	1.2467 	0.04%
May 13, 2015 	1.2496 	1.2488 	1.2521 	1.2476 	0.06%
May 12, 2015 	1.2488 	1.2488 	1.2514 	1.2472 	0.00%
May 11, 2015 	1.2488 	1.2476 	1.2499 	1.2407 	-0.03%
May 08, 2015 	1.2492 	1.2492 	1.2525 	1.2468 	0.00%
May 07, 2015 	1.2492 	1.2502 	1.2516 	1.2477 	-0.08%
May 06, 2015 	1.2502 	1.2496 	1.2528 	1.2476 	0.05%
May 05, 2015 	1.2496 	1.2486 	1.2507 	1.2456 	0.07%
May 04, 2015 	1.2487 	1.2464 	1.2499 	1.2452 	0.09%
May 01, 2015 	1.2476 	1.2488 	1.2574 	1.2453 	-0.13%
Apr 30, 2015 	1.2492 	1.2504 	1.2519 	1.2448 	-0.10%
Apr 29, 2015 	1.2504 	1.2492 	1.2533 	1.2459 	0.10%
Apr 28, 2015 	1.2492 	1.2466 	1.2508 	1.2459 	0.21%
Apr 27, 2015 	1.2466 	1.2497 	1.2519 	1.2442 	-0.42%
Apr 24, 2015 	1.2518 	1.2503 	1.2532 	1.2481 	0.10%
Apr 23, 2015 	1.2506 	1.2512 	1.2523 	1.2452 	-0.05%
Apr 22, 2015 	1.2512 	1.2502 	1.2525 	1.2487 	0.08%
Apr 21, 2015 	1.2502 	1.2498 	1.2524 	1.2472 	0.00%
Apr 20, 2015 	1.2502 	1.2510 	1.2530 	1.2461 	-0.08%
Apr 17, 2015 	1.2512 	1.2513 	1.2529 	1.2465 	0.02%
Apr 16, 2015 	1.2509 	1.2494 	1.2525 	1.2438 	0.11%
Apr 15, 2015 	1.2495 	1.2481 	1.2584 	1.2388 	0.11%
Apr 14, 2015 	1.2481 	1.2467 	1.2502 	1.2452 	0.11%
Apr 13, 2015 	1.2467 	1.2485 	1.2664 	1.2450 	-0.10%
Apr 10, 2015 	1.2479 	1.2493 	1.2530 	1.2468 	-0.11%
Apr 09, 2015 	1.2493 	1.2492 	1.2522 	1.2475 	0.01%
Apr 08, 2015 	1.2492 	1.2508 	1.2535 	1.2474 	-0.13%
Apr 07, 2015 	1.2508 	1.2566 	1.2590 	1.2498 	-0.46%
Apr 06, 2015 	1.2566 	1.2642 	1.2683 	1.2545 	-0.37%
Apr 03, 2015 	1.2613 	1.2492 	1.2672 	1.2487 	0.97%
Apr 02, 2015 	1.2492 	1.2512 	1.2530 	1.2483 	-0.16%
Apr 01, 2015 	1.2512 	1.2504 	1.2532 	1.2483 	0.06%
Mar 31, 2015 	1.2504 	1.2492 	1.2525 	1.2481 	0.10%
Mar 30, 2015 	1.2492 	1.2468 	1.2506 	1.2437 	0.13%
Mar 27, 2015 	1.2476 	1.2490 	1.2520 	1.2451 	-0.11%
Mar 26, 2015 	1.2490 	1.2481 	1.2542 	1.2466 	0.07%
Mar 25, 2015 	1.2481 	1.2494 	1.2510 	1.2459 	-0.10%
Mar 24, 2015 	1.2494 	1.2481 	1.2512 	1.2469 	0.10%
Mar 23, 2015 	1.2481 	1.2510 	1.2516 	1.2458 	-0.17%
Mar 20, 2015 	1.2502 	1.2526 	1.2556 	1.2471 	-0.17%
Mar 19, 2015 	1.2523 	1.2455 	1.2540 	1.2440 	0.55%
Mar 18, 2015 	1.2455 	1.2420 	1.2554 	1.2128 	0.27%
Mar 17, 2015 	1.2421 	1.2397 	1.2436 	1.2388 	0.19%
Mar 16, 2015 	1.2397 	1.2398 	1.2572 	1.2387 	-0.10%
Mar 13, 2015 	1.2409 	1.2399 	1.2448 	1.2388 	0.09%
Mar 12, 2015 	1.2398 	1.2406 	1.2418 	1.2380 	-0.06%
Mar 11, 2015 	1.2406 	1.2386 	1.2447 	1.2376 	0.16%
Mar 10, 2015 	1.2386 	1.2388 	1.2419 	1.2376 	0.02%
Mar 09, 2015 	1.2383 	1.2385 	1.2398 	1.2375 	0.01%
Mar 06, 2015 	1.2382 	1.2377 	1.2406 	1.2367 	0.04%
Mar 05, 2015 	1.2377 	1.2362 	1.2393 	1.2357 	0.12%
Mar 04, 2015 	1.2362 	1.2362 	1.2380 	1.2354 	0.00%
Mar 03, 2015 	1.2362 	1.2355 	1.2390 	1.2346 	0.06%
Mar 02, 2015 	1.2355 	1.2333 	1.2377 	1.2333 	-0.20%
Feb 27, 2015 	1.2380 	1.2387 	1.2398 	1.2357 	-0.07%
Feb 26, 2015 	1.2389 	1.2394 	1.2418 	1.2376 	-0.05%
Feb 25, 2015 	1.2395 	1.2415 	1.2453 	1.2378 	-0.15%
Feb 24, 2015 	1.2414 	1.2395 	1.2430 	1.2362 	0.16%
Feb 23, 2015 	1.2394 	1.2403 	1.2421 	1.2382 	-0.09%
Feb 20, 2015 	1.2405 	1.2402 	1.2422 	1.2358 	0.02%
Feb 19, 2015 	1.2402 	1.2405 	1.2415 	1.2376 	-0.02%
Feb 18, 2015 	1.2405 	1.2399 	1.2444 	1.2390 	0.05%
Feb 17, 2015 	1.2399 	1.2419 	1.2428 	1.2376 	-0.15%
Feb 16, 2015 	1.2418 	1.2440 	1.2473 	1.2404 	-0.08%
Feb 13, 2015 	1.2428 	1.2412 	1.2439 	1.2408 	0.14%
Feb 12, 2015 	1.2411 	1.2416 	1.2444 	1.2403 	-0.06%
Feb 11, 2015 	1.2418 	1.2428 	1.2442 	1.2408 	-0.09%
Feb 10, 2015 	1.2429 	1.2407 	1.2438 	1.2406 	0.18%
Feb 09, 2015 	1.2407 	1.2412 	1.2441 	1.2386 	-0.06%
Feb 06, 2015 	1.2414 	1.2395 	1.2432 	1.2390 	0.15%
Feb 05, 2015 	1.2396 	1.2408 	1.2418 	1.2334 	-0.10%
Feb 04, 2015 	1.2408 	1.2386 	1.2435 	1.2383 	0.18%
Feb 03, 2015 	1.2386 	1.2387 	1.2406 	1.2345 	0.06%
Feb 02, 2015 	1.2379 	1.2422 	1.2608 	1.2372 	-0.19%
Jan 30, 2015 	1.2402 	1.2410 	1.2420 	1.2385 	-0.08%
Jan 29, 2015 	1.2412 	1.2408 	1.2439 	1.2393 	0.01%
Jan 28, 2015 	1.2411 	1.2424 	1.2463 	1.2387 	-0.11%
Jan 27, 2015 	1.2425 	1.2394 	1.2444 	1.2384 	0.23%
Jan 26, 2015 	1.2397 	1.2365 	1.2463 	1.2365 	-0.34%
Jan 23, 2015 	1.2439 	1.2490 	1.2519 	1.2421 	-0.38%
Jan 22, 2015 	1.2487 	1.2484 	1.2519 	1.2459 	0.06%
Jan 21, 2015 	1.2479 	1.2472 	1.2659 	1.2459 	0.05%
Jan 20, 2015 	1.2473 	1.2469 	1.2490 	1.2453 	0.04%
Jan 19, 2015 	1.2468 	1.2481 	1.2493 	1.2453 	-0.13%
Jan 16, 2015 	1.2484 	1.2533 	1.2537 	1.2437 	-0.39%
Jan 15, 2015 	1.2533 	1.2514 	1.2591 	1.2408 	0.15%
Jan 14, 2015 	1.2514 	1.2516 	1.2539 	1.2500 	-0.02%
Jan 13, 2015 	1.2516 	1.2493 	1.2528 	1.2488 	0.19%
Jan 12, 2015 	1.2492 	1.2525 	1.2527 	1.2484 	-0.02%
Jan 09, 2015 	1.2495 	1.2481 	1.2510 	1.2464 	0.10%
Jan 08, 2015 	1.2483 	1.2480 	1.2501 	1.2460 	0.02%
Jan 07, 2015 	1.2481 	1.2493 	1.2502 	1.2448 	-0.11%
Jan 06, 2015 	1.2495 	1.2467 	1.2518 	1.2460 	0.22%
Jan 05, 2015 	1.2467 	1.2445 	1.2488 	1.2419 	-0.25%
Jan 02, 2015 	1.2498 	1.2487 	1.2671 	1.2444 	0.03%
Dec 31, 2014 	1.2494 	1.2505 	1.2532 	1.2487 	-0.10%
Dec 30, 2014 	1.2507 	1.2468 	1.2533 	1.2441 	0.32%
Dec 29, 2014 	1.2467 	1.2454 	1.2503 	1.2454 	0.02%
Dec 26, 2014 	1.2464 	1.2490 	1.2504 	1.2450 	-0.22%
Dec 25, 2014 	1.2491 	1.2528 	1.2539 	1.2480 	-0.03%
Dec 24, 2014 	1.2495 	1.2458 	1.2500 	1.2446 	0.30%
Dec 23, 2014 	1.2458 	1.2467 	1.2472 	1.2445 	-0.07%
Dec 22, 2014 	1.2467 	1.2458 	1.2665 	1.2456 	0.05%
Dec 19, 2014 	1.2461 	1.2483 	1.2483 	1.2446 	-0.18%
Dec 18, 2014 	1.2484 	1.2515 	1.2525 	1.2458 	-0.24%
Dec 17, 2014 	1.2514 	1.2532 	1.2577 	1.2481 	-0.14%
Dec 16, 2014 	1.2532 	1.2518 	1.2543 	1.2504 	0.09%
Dec 15, 2014 	1.2521 	1.2536 	1.2564 	1.2509 	-0.10%
Dec 12, 2014 	1.2534 	1.2528 	1.2565 	1.2508 	0.05%
Dec 11, 2014 	1.2528 	1.2548 	1.2565 	1.2512 	-0.28%
Dec 10, 2014 	1.2563 	1.2527 	1.2568 	1.2508 	0.29%
Dec 09, 2014 	1.2527 	1.2552 	1.2561 	1.2487 	-0.19%
Dec 08, 2014 	1.2551 	1.2612 	1.2617 	1.2510 	-0.42%
Dec 05, 2014 	1.2604 	1.2594 	1.2631 	1.2586 	0.08%
Dec 04, 2014 	1.2594 	1.2609 	1.2664 	1.2556 	-0.13%
Dec 03, 2014 	1.2610 	1.2611 	1.2643 	1.2589 	0.00%
Dec 02, 2014 	1.2610 	1.2605 	1.2649 	1.2588 	0.04%
Dec 01, 2014 	1.2605 	1.2602 	1.2637 	1.2590 	-0.20%
Nov 28, 2014 	1.2630 	1.2627 	1.2653 	1.2605 	0.02%
Nov 27, 2014 	1.2627 	1.2630 	1.2650 	1.2617 	-0.02%
Nov 26, 2014 	1.2630 	1.2641 	1.2695 	1.2618 	-0.09%
Nov 25, 2014 	1.2641 	1.2627 	1.2672 	1.2620 	0.11%
Nov 24, 2014 	1.2627 	1.2647 	1.2672 	1.2613 	-0.32%
Nov 21, 2014 	1.2668 	1.2669 	1.2686 	1.2636 	-0.01%
Nov 20, 2014 	1.2669 	1.2670 	1.2677 	1.2625 	-0.02%
Nov 19, 2014 	1.2671 	1.2668 	1.2686 	1.2625 	0.04%
Nov 18, 2014 	1.2666 	1.2668 	1.2678 	1.2615 	0.01%
Nov 17, 2014 	1.2665 	1.2707 	1.2734 	1.2584 	0.12%
Nov 14, 2014 	1.2650 	1.2662 	1.2667 	1.2600 	-0.09%
Nov 13, 2014 	1.2662 	1.2658 	1.2676 	1.2623 	0.02%
Nov 12, 2014 	1.2659 	1.2667 	1.2691 	1.2592 	-0.06%
Nov 11, 2014 	1.2666 	1.2675 	1.2689 	1.2626 	-0.05%
Nov 10, 2014 	1.2672 	1.2654 	1.2685 	1.2571 	0.09%
Nov 07, 2014 	1.2660 	1.2687 	1.2694 	1.2625 	-0.21%
Nov 06, 2014 	1.2687 	1.2681 	1.2833 	1.2450 	0.06%
Nov 05, 2014 	1.2679 	1.2676 	1.2694 	1.2607 	0.02%
Nov 04, 2014 	1.2676 	1.2674 	1.2690 	1.2632 	0.01%
Nov 03, 2014 	1.2675 	1.2541 	1.2692 	1.2481 	-0.07%
Oct 31, 2014 	1.2684 	1.2684 	1.2703 	1.2637 	-0.02%
Oct 30, 2014 	1.2687 	1.2684 	1.2695 	1.2672 	0.03%
Oct 29, 2014 	1.2683 	1.2690 	1.2705 	1.2532 	-0.06%
Oct 28, 2014 	1.2690 	1.2684 	1.2700 	1.2652 	0.06%
Oct 27, 2014 	1.2683 	1.2644 	1.2697 	1.2643 	0.01%
Oct 24, 2014 	1.2682 	1.2676 	1.2692 	1.2668 	0.05%
Oct 23, 2014 	1.2676 	1.2675 	1.2696 	1.2600 	0.02%
Oct 22, 2014 	1.2673 	1.2673 	1.2693 	1.2644 	-0.01%
Oct 21, 2014 	1.2674 	1.2666 	1.2688 	1.2585 	0.06%
Oct 20, 2014 	1.2667 	1.2657 	1.2680 	1.2576 	-0.02%
Oct 17, 2014 	1.2669 	1.2663 	1.2707 	1.2633 	0.06%
Oct 16, 2014 	1.2662 	1.2660 	1.2701 	1.2639 	-0.01%
Oct 15, 2014 	1.2663 	1.2669 	1.2805 	1.2618 	-0.01%
Oct 14, 2014 	1.2664 	1.2664 	1.2676 	1.2630 	0.00%
Oct 13, 2014 	1.2664 	1.2590 	1.2732 	1.2588 	0.01%
Oct 10, 2014 	1.2663 	1.2653 	1.2677 	1.2617 	0.10%
Oct 09, 2014 	1.2650 	1.2636 	1.2672 	1.2547 	0.10%
Oct 08, 2014 	1.2637 	1.2630 	1.2675 	1.2572 	0.06%
Oct 07, 2014 	1.2630 	1.2630 	1.2682 	1.2576 	0.04%
Oct 06, 2014 	1.2625 	1.2506 	1.2649 	1.2505 	-0.14%
Oct 03, 2014 	1.2643 	1.2644 	1.2672 	1.2584 	-0.02%
Oct 02, 2014 	1.2645 	1.2649 	1.2660 	1.2612 	-0.02%
Oct 01, 2014 	1.2647 	1.2650 	1.2662 	1.2609 	-0.01%
Sep 30, 2014 	1.2648 	1.2626 	1.2665 	1.2605 	0.16%
Sep 29, 2014 	1.2628 	1.2555 	1.2670 	1.2552 	-0.25%
Sep 26, 2014 	1.2660 	1.2636 	1.2672 	1.2604 	0.19%
Sep 25, 2014 	1.2636 	1.2634 	1.2647 	1.2607 	0.02%
Sep 24, 2014 	1.2633 	1.2634 	1.2646 	1.2548 	-0.02%
Sep 23, 2014 	1.2636 	1.2622 	1.2641 	1.2576 	0.10%
Sep 22, 2014 	1.2624 	1.2590 	1.2632 	1.2590 	0.04%
Sep 19, 2014 	1.2619 	1.2623 	1.2648 	1.2604 	-0.03%
Sep 18, 2014 	1.2623 	1.2627 	1.2651 	1.2608 	-0.08%
Sep 17, 2014 	1.2633 	1.2625 	1.2649 	1.2506 	0.06%
Sep 16, 2014 	1.2626 	1.2618 	1.2634 	1.2590 	0.06%
Sep 15, 2014 	1.2619 	1.2639 	1.2649 	1.2608 	-0.11%
Sep 12, 2014 	1.2633 	1.2642 	1.2650 	1.2608 	-0.07%
Sep 11, 2014 	1.2642 	1.2640 	1.2660 	1.2613 	0.01%
Sep 10, 2014 	1.2641 	1.2629 	1.2665 	1.2583 	0.07%
Sep 09, 2014 	1.2632 	1.2619 	1.2653 	1.2586 	0.11%
Sep 08, 2014 	1.2618 	1.2556 	1.2674 	1.2538 	-0.02%
Sep 05, 2014 	1.2621 	1.2625 	1.2654 	1.2610 	-0.04%
Sep 04, 2014 	1.2626 	1.2618 	1.2650 	1.2386 	0.06%
Sep 03, 2014 	1.2618 	1.2606 	1.2630 	1.2559 	0.10%
Sep 02, 2014 	1.2606 	1.2620 	1.2621 	1.2560 	-0.11%
Sep 01, 2014 	1.2620 	1.2603 	1.2632 	1.2566 	0.10%
Aug 29, 2014 	1.2608 	1.2614 	1.2629 	1.2567 	-0.06%
Aug 28, 2014 	1.2615 	1.2619 	1.2626 	1.2577 	0.00%
Aug 27, 2014 	1.2615 	1.2596 	1.2625 	1.2568 	0.16%
Aug 26, 2014 	1.2595 	1.2592 	1.2614 	1.2556 	0.02%
Aug 25, 2014 	1.2592 	1.2554 	1.2607 	1.2508 	-0.02%
Aug 22, 2014 	1.2595 	1.2596 	1.2614 	1.2576 	-0.01%
Aug 21, 2014 	1.2596 	1.2624 	1.2626 	1.2572 	-0.22%
Aug 20, 2014 	1.2624 	1.2621 	1.2648 	1.2588 	0.02%
Aug 19, 2014 	1.2622 	1.2614 	1.2635 	1.2564 	0.06%
Aug 18, 2014 	1.2614 	1.2608 	1.2625 	1.2597 	0.02%
Aug 15, 2014 	1.2611 	1.2597 	1.2618 	1.2579 	0.11%
Aug 14, 2014 	1.2597 	1.2596 	1.2609 	1.2587 	0.01%
Aug 13, 2014 	1.2596 	1.2587 	1.2627 	1.2573 	0.09%
Aug 12, 2014 	1.2585 	1.2595 	1.2608 	1.2577 	-0.08%
Aug 11, 2014 	1.2595 	1.2586 	1.2605 	1.2584 	0.02%
Aug 08, 2014 	1.2592 	1.2576 	1.2600 	1.2552 	0.13%
Aug 07, 2014 	1.2576 	1.2573 	1.2609 	1.2568 	0.02%
Aug 06, 2014 	1.2573 	1.2552 	1.2586 	1.2550 	0.17%
Aug 05, 2014 	1.2552 	1.2544 	1.2568 	1.2539 	0.06%
Aug 04, 2014 	1.2544 	1.2540 	1.2571 	1.2530 	0.00%
Aug 01, 2014 	1.2544 	1.2553 	1.2575 	1.2532 	-0.07%
Jul 31, 2014 	1.2553 	1.2558 	1.2570 	1.2544 	-0.04%
Jul 30, 2014 	1.2558 	1.2539 	1.2572 	1.2535 	0.15%
Jul 29, 2014 	1.2539 	1.2525 	1.2579 	1.2522 	0.11%
Jul 28, 2014 	1.2525 	1.2514 	1.2577 	1.2514 	0.07%
Jul 25, 2014 	1.2516 	1.2511 	1.2526 	1.2495 	0.04%
Jul 24, 2014 	1.2511 	1.2506 	1.2524 	1.2493 	0.04%
Jul 23, 2014 	1.2506 	1.2481 	1.2512 	1.2481 	0.20%
Jul 22, 2014 	1.2481 	1.2481 	1.2507 	1.2480 	-0.01%
Jul 21, 2014 	1.2482 	1.2492 	1.2510 	1.2477 	-0.04%
Jul 18, 2014 	1.2487 	1.2497 	1.2505 	1.2471 	-0.10%
Jul 17, 2014 	1.2500 	1.2492 	1.2505 	1.2485 	0.06%
Jul 16, 2014 	1.2492 	1.2483 	1.2501 	1.2445 	0.06%
Jul 15, 2014 	1.2484 	1.2489 	1.2496 	1.2470 	-0.04%
Jul 14, 2014 	1.2489 	1.2487 	1.2499 	1.2478 	-0.02%
Jul 11, 2014 	1.2492 	1.2496 	1.2498 	1.2479 	-0.03%
Jul 10, 2014 	1.2496 	1.2529 	1.2534 	1.2486 	-0.26%
Jul 09, 2014 	1.2529 	1.2498 	1.2529 	1.2489 	0.24%
Jul 08, 2014 	1.2499 	1.2490 	1.2506 	1.2483 	0.07%
Jul 07, 2014 	1.2490 	1.2488 	1.2504 	1.2485 	-0.02%
Jul 04, 2014 	1.2492 	1.2475 	1.2500 	1.2433 	0.12%
Jul 03, 2014 	1.2477 	1.2475 	1.2496 	1.2453 	0.02%
Jul 02, 2014 	1.2475 	1.2495 	1.2503 	1.2463 	-0.16%
Jul 01, 2014 	1.2495 	1.2492 	1.2533 	1.2485 	0.02%
Jun 30, 2014 	1.2492 	1.2461 	1.2508 	1.2460 	0.21%
Jun 27, 2014 	1.2466 	1.2455 	1.2474 	1.2452 	0.10%
Jun 26, 2014 	1.2453 	1.2433 	1.2464 	1.2430 	0.16%
Jun 25, 2014 	1.2433 	1.2440 	1.2444 	1.2420 	-0.05%
Jun 24, 2014 	1.2439 	1.2465 	1.2466 	1.2422 	-0.20%
Jun 23, 2014 	1.2464 	1.2452 	1.2471 	1.2439 	0.07%
Jun 20, 2014 	1.2455 	1.2442 	1.2462 	1.2427 	0.10%
Jun 19, 2014 	1.2443 	1.2438 	1.2459 	1.2432 	0.01%
Jun 18, 2014 	1.2442 	1.2450 	1.2452 	1.2432 	-0.06%
Jun 17, 2014 	1.2450 	1.2449 	1.2467 	1.2429 	0.02%
Jun 16, 2014 	1.2448 	1.2479 	1.2495 	1.2441 	-0.27%
Jun 13, 2014 	1.2482 	1.2467 	1.2504 	1.2463 	0.12%
Jun 12, 2014 	1.2467 	1.2448 	1.2477 	1.2434 	0.14%
Jun 11, 2014 	1.2449 	1.2453 	1.2458 	1.2437 	-0.02%
Jun 10, 2014 	1.2452 	1.2425 	1.2461 	1.2388 	0.22%
Jun 09, 2014 	1.2425 	1.2418 	1.2435 	1.2412 	0.19%
Jun 06, 2014 	1.2402 	1.2439 	1.2439 	1.2389 	-0.30%
Jun 05, 2014 	1.2439 	1.2405 	1.2443 	1.2372 	0.27%
Jun 04, 2014 	1.2405 	1.2397 	1.2422 	1.2389 	0.06%
Jun 03, 2014 	1.2397 	1.2410 	1.2415 	1.2387 	-0.10%
Jun 02, 2014 	1.2410 	1.2403 	1.2435 	1.2401 	0.02%
May 30, 2014 	1.2407 	1.2428 	1.2434 	1.2401 	-0.17%
May 29, 2014 	1.2428 	1.2400 	1.2437 	1.2371 	0.23%
May 28, 2014 	1.2400 	1.2396 	1.2413 	1.2378 	0.03%
May 27, 2014 	1.2396 	1.2435 	1.2441 	1.2391 	-0.32%
May 26, 2014 	1.2436 	1.2431 	1.2444 	1.2418 	0.01%
May 23, 2014 	1.2435 	1.2433 	1.2442 	1.2416 	0.02%
May 22, 2014 	1.2433 	1.2436 	1.2445 	1.2426 	-0.02%
May 21, 2014 	1.2435 	1.2430 	1.2445 	1.2414 	0.04%
May 20, 2014 	1.2430 	1.2430 	1.2437 	1.2419 	-0.01%
May 19, 2014 	1.2431 	1.2446 	1.2455 	1.2410 	-0.02%
May 16, 2014 	1.2434 	1.2444 	1.2497 	1.2427 	-0.08%
May 15, 2014 	1.2444 	1.2445 	1.2458 	1.2433 	-0.01%
May 14, 2014 	1.2445 	1.2445 	1.2457 	1.2432 	-0.01%
May 13, 2014 	1.2446 	1.2427 	1.2461 	1.2420 	0.14%
May 12, 2014 	1.2428 	1.2448 	1.2448 	1.2402 	-0.16%
May 09, 2014 	1.2448 	1.2447 	1.2462 	1.2348 	0.01%
May 08, 2014 	1.2447 	1.2434 	1.2463 	1.2413 	0.10%
May 07, 2014 	1.2434 	1.2452 	1.2466 	1.2424 	-0.14%
May 06, 2014 	1.2452 	1.2413 	1.2460 	1.2411 	0.31%
May 05, 2014 	1.2413 	1.2386 	1.2426 	1.2386 	0.21%
May 02, 2014 	1.2387 	1.2386 	1.2421 	1.2372 	0.00%
May 01, 2014 	1.2387 	1.2387 	1.2440 	1.2378 	0.01%
Apr 30, 2014 	1.2386 	1.2390 	1.2404 	1.2337 	-0.03%
Apr 29, 2014 	1.2390 	1.2398 	1.2406 	1.2378 	-0.06%
Apr 28, 2014 	1.2398 	1.2403 	1.2415 	1.2380 	0.00%
Apr 25, 2014 	1.2398 	1.2404 	1.2419 	1.2390 	-0.06%
Apr 24, 2014 	1.2405 	1.2428 	1.2434 	1.2400 	-0.19%
Apr 23, 2014 	1.2428 	1.2429 	1.2437 	1.2414 	-0.01%
Apr 22, 2014 	1.2429 	1.2447 	1.2448 	1.2412 	-0.14%
Apr 21, 2014 	1.2447 	1.2435 	1.2468 	1.2410 	0.11%
Apr 18, 2014 	1.2433 	1.2464 	1.2468 	1.2430 	-0.25%
Apr 17, 2014 	1.2464 	1.2466 	1.2483 	1.2451 	-0.03%
Apr 16, 2014 	1.2468 	1.2462 	1.2477 	1.2454 	0.05%
Apr 15, 2014 	1.2462 	1.2468 	1.2474 	1.2452 	-0.05%
Apr 14, 2014 	1.2468 	1.2444 	1.2492 	1.2433 	-0.11%
Apr 11, 2014 	1.2482 	1.2480 	1.2497 	1.2474 	0.03%
Apr 10, 2014 	1.2478 	1.2503 	1.2553 	1.2472 	-0.21%
Apr 09, 2014 	1.2504 	1.2513 	1.2538 	1.2482 	-0.07%
Apr 08, 2014 	1.2513 	1.2483 	1.2523 	1.2480 	0.24%
Apr 07, 2014 	1.2483 	1.2487 	1.2494 	1.2476 	-0.06%
Apr 04, 2014 	1.2491 	1.2490 	1.2502 	1.2450 	0.01%
Apr 03, 2014 	1.2490 	1.2481 	1.2518 	1.2471 	0.07%
Apr 02, 2014 	1.2481 	1.2495 	1.2517 	1.2481 	-0.11%
Apr 01, 2014 	1.2495 	1.2476 	1.2516 	1.2454 	0.15%
Mar 31, 2014 	1.2476 	1.2506 	1.2513 	1.2456 	-0.07%
Mar 28, 2014 	1.2485 	1.2487 	1.2501 	1.2467 	-0.02%
Mar 27, 2014 	1.2487 	1.2492 	1.2504 	1.2477 	-0.03%
Mar 26, 2014 	1.2491 	1.2506 	1.2521 	1.2478 	-0.10%
Mar 25, 2014 	1.2503 	1.2518 	1.2588 	1.2481 	-0.13%
Mar 24, 2014 	1.2519 	1.2464 	1.2530 	1.2455 	0.47%
Mar 21, 2014 	1.2460 	1.2468 	1.2483 	1.2455 	-0.06%
Mar 20, 2014 	1.2468 	1.2528 	1.2539 	1.2440 	-0.48%
Mar 19, 2014 	1.2528 	1.2543 	1.2546 	1.2515 	-0.11%
Mar 18, 2014 	1.2542 	1.2570 	1.2612 	1.2524 	-0.22%
Mar 17, 2014 	1.2570 	1.2648 	1.2655 	1.2561 	-0.49%
Mar 14, 2014 	1.2632 	1.2656 	1.2657 	1.2615 	-0.18%
Mar 13, 2014 	1.2655 	1.2632 	1.2706 	1.2630 	0.17%
Mar 12, 2014 	1.2634 	1.2642 	1.2648 	1.2625 	-0.08%
Mar 11, 2014 	1.2644 	1.2642 	1.2658 	1.2629 	0.00%
Mar 10, 2014 	1.2644 	1.2672 	1.2677 	1.2628 	-0.21%
Mar 07, 2014 	1.2671 	1.2683 	1.2715 	1.2644 	-0.11%
Mar 06, 2014 	1.2685 	1.2663 	1.2705 	1.2657 	0.17%
Mar 05, 2014 	1.2663 	1.2636 	1.2684 	1.2630 	0.22%
Mar 04, 2014 	1.2635 	1.2627 	1.2642 	1.2603 	0.06%
Mar 03, 2014 	1.2627 	1.2601 	1.2657 	1.2598 	0.04%
Feb 28, 2014 	1.2622 	1.2664 	1.2669 	1.2572 	-0.33%
Feb 27, 2014 	1.2664 	1.2669 	1.2679 	1.2651 	-0.04%
Feb 26, 2014 	1.2669 	1.2674 	1.2681 	1.2652 	-0.02%
Feb 25, 2014 	1.2672 	1.2723 	1.2727 	1.2663 	-0.40%
Feb 24, 2014 	1.2723 	1.2730 	1.2737 	1.2713 	-0.05%
Feb 21, 2014 	1.2730 	1.2749 	1.2749 	1.2713 	-0.16%
Feb 20, 2014 	1.2750 	1.2761 	1.2770 	1.2728 	-0.07%
Feb 19, 2014 	1.2759 	1.2780 	1.2796 	1.2754 	-0.16%
Feb 18, 2014 	1.2780 	1.2788 	1.2795 	1.2774 	-0.07%
Feb 17, 2014 	1.2789 	1.2790 	1.2799 	1.2767 	0.06%
Feb 14, 2014 	1.2781 	1.2790 	1.2801 	1.2774 	-0.07%
Feb 13, 2014 	1.2790 	1.2795 	1.2808 	1.2778 	-0.04%
Feb 12, 2014 	1.2795 	1.2796 	1.2805 	1.2782 	-0.02%
Feb 11, 2014 	1.2797 	1.2800 	1.2812 	1.2788 	-0.02%
Feb 10, 2014 	1.2800 	1.2778 	1.2810 	1.2777 	0.06%
Feb 07, 2014 	1.2792 	1.2803 	1.2834 	1.2770 	-0.10%
Feb 06, 2014 	1.2805 	1.2807 	1.2819 	1.2781 	-0.01%
Feb 05, 2014 	1.2806 	1.2809 	1.2818 	1.2788 	-0.02%
Feb 04, 2014 	1.2809 	1.2812 	1.2819 	1.2799 	-0.03%
Feb 03, 2014 	1.2813 	1.2751 	1.2825 	1.2744 	0.03%
Jan 31, 2014 	1.2809 	1.2814 	1.2824 	1.2797 	-0.05%
Jan 30, 2014 	1.2815 	1.2819 	1.2830 	1.2804 	-0.03%
Jan 29, 2014 	1.2819 	1.2829 	1.2839 	1.2805 	-0.09%
Jan 28, 2014 	1.2831 	1.2843 	1.2844 	1.2822 	-0.09%
Jan 27, 2014 	1.2842 	1.2844 	1.2850 	1.2827 	0.07%
Jan 24, 2014 	1.2833 	1.2818 	1.2850 	1.2813 	0.12%
Jan 23, 2014 	1.2817 	1.2820 	1.2832 	1.2807 	-0.02%
Jan 22, 2014 	1.2819 	1.2813 	1.2831 	1.2809 	0.03%
Jan 21, 2014 	1.2815 	1.2817 	1.2831 	1.2808 	-0.02%
Jan 20, 2014 	1.2817 	1.2754 	1.2825 	1.2735 	-0.04%
Jan 17, 2014 	1.2822 	1.2804 	1.2846 	1.2801 	0.14%
Jan 16, 2014 	1.2804 	1.2819 	1.2846 	1.2789 	-0.12%
Jan 15, 2014 	1.2819 	1.2836 	1.2839 	1.2796 	-0.13%
Jan 14, 2014 	1.2836 	1.2833 	1.2846 	1.2824 	0.02%
Jan 13, 2014 	1.2833 	1.2822 	1.2841 	1.2808 	0.10%
Jan 10, 2014 	1.2820 	1.2810 	1.2873 	1.2765 	0.08%
Jan 09, 2014 	1.2810 	1.2810 	1.2821 	1.2792 	0.00%
Jan 08, 2014 	1.2810 	1.2814 	1.2840 	1.2804 	-0.03%
Jan 07, 2014 	1.2814 	1.2809 	1.2825 	1.2793 	0.04%
Jan 06, 2014 	1.2809 	1.2820 	1.2821 	1.2751 	-0.03%
Jan 03, 2014 	1.2813 	1.2814 	1.2832 	1.2803 	-0.01%
Jan 02, 2014 	1.2814 	1.2825 	1.2834 	1.2805 	-0.08%
Jan 01, 2014 	1.2824 	1.2821 	1.2833 	1.2807 	0.02%
Dec 31, 2013 	1.2821 	1.2796 	1.2821 	1.2784 	0.20%
Dec 30, 2013 	1.2796 	1.2790 	1.2807 	1.2656 	0.07%
Dec 27, 2013 	1.2787 	1.2789 	1.2855 	1.2765 	-0.02%
Dec 26, 2013 	1.2789 	1.2766 	1.2794 	1.2761 	0.20%
Dec 25, 2013 	1.2763 	1.2777 	1.2808 	1.2759 	-0.11%
Dec 24, 2013 	1.2777 	1.2774 	1.2781 	1.2762 	0.02%
Dec 23, 2013 	1.2774 	1.2775 	1.2812 	1.2752 	0.03%
Dec 20, 2013 	1.2770 	1.2772 	1.2781 	1.2762 	-0.01%
Dec 19, 2013 	1.2771 	1.2774 	1.2782 	1.2754 	-0.01%
Dec 18, 2013 	1.2772 	1.2770 	1.2793 	1.2722 	0.02%
Dec 17, 2013 	1.2770 	1.2773 	1.2779 	1.2750 	-0.03%
Dec 16, 2013 	1.2774 	1.2772 	1.2792 	1.2755 	-0.01%
Dec 13, 2013 	1.2775 	1.2772 	1.2782 	1.2761 	0.02%
Dec 12, 2013 	1.2772 	1.2770 	1.2785 	1.2757 	0.02%
Dec 11, 2013 	1.2770 	1.2774 	1.2781 	1.2760 	-0.04%
Dec 10, 2013 	1.2775 	1.2769 	1.2785 	1.2760 	0.03%
Dec 09, 2013 	1.2771 	1.2756 	1.2778 	1.2744 	0.13%
Dec 06, 2013 	1.2754 	1.2726 	1.2762 	1.2716 	0.21%
Dec 05, 2013 	1.2727 	1.2728 	1.2741 	1.2708 	-0.02%
Dec 04, 2013 	1.2729 	1.2726 	1.2738 	1.2692 	0.03%
Dec 03, 2013 	1.2725 	1.2724 	1.2737 	1.2712 	0.01%
Dec 02, 2013 	1.2724 	1.2720 	1.2744 	1.2714 	-0.02%
Nov 29, 2013 	1.2726 	1.2728 	1.2744 	1.2714 	-0.02%
Nov 28, 2013 	1.2728 	1.2727 	1.2735 	1.2714 	0.02%
Nov 27, 2013 	1.2726 	1.2724 	1.2734 	1.2703 	0.02%
Nov 26, 2013 	1.2724 	1.2730 	1.2740 	1.2708 	-0.03%
Nov 25, 2013 	1.2728 	1.2717 	1.2743 	1.2702 	0.04%
Nov 22, 2013 	1.2723 	1.2719 	1.2737 	1.2714 	0.04%
Nov 21, 2013 	1.2718 	1.2721 	1.2745 	1.2705 	-0.02%
Nov 20, 2013 	1.2720 	1.2720 	1.2748 	1.2699 	-0.02%
Nov 19, 2013 	1.2722 	1.2721 	1.2735 	1.2711 	-0.01%
Nov 18, 2013 	1.2723 	1.2758 	1.2770 	1.2715 	-0.03%
Nov 15, 2013 	1.2727 	1.2725 	1.2738 	1.2717 	0.01%
Nov 14, 2013 	1.2726 	1.2716 	1.2746 	1.2714 	0.05%
Nov 13, 2013 	1.2720 	1.2724 	1.2739 	1.2714 	-0.03%
Nov 12, 2013 	1.2724 	1.2728 	1.2739 	1.2711 	-0.03%
Nov 11, 2013 	1.2728 	1.2657 	1.2737 	1.2657 	-0.01%
Nov 08, 2013 	1.2729 	1.2726 	1.2737 	1.2685 	0.03%
Nov 07, 2013 	1.2725 	1.2724 	1.2744 	1.2616 	0.01%
Nov 06, 2013 	1.2724 	1.2712 	1.2737 	1.2705 	0.09%
Nov 05, 2013 	1.2712 	1.2712 	1.2725 	1.2700 	-0.01%
Nov 04, 2013 	1.2713 	1.2690 	1.2720 	1.2644 	0.05%
Nov 01, 2013 	1.2707 	1.2717 	1.2729 	1.2676 	-0.07%
Oct 31, 2013 	1.2716 	1.2725 	1.2733 	1.2710 	-0.06%
Oct 30, 2013 	1.2724 	1.2730 	1.2744 	1.2708 	-0.04%
Oct 29, 2013 	1.2729 	1.2741 	1.2749 	1.2719 	-0.09%
Oct 28, 2013 	1.2741 	1.2747 	1.2757 	1.2726 	-0.03%
Oct 25, 2013 	1.2745 	1.2752 	1.2758 	1.2727 	-0.05%
Oct 24, 2013 	1.2752 	1.2746 	1.2763 	1.2736 	0.04%
Oct 23, 2013 	1.2747 	1.2724 	1.2754 	1.2721 	0.18%
Oct 22, 2013 	1.2724 	1.2724 	1.2786 	1.2713 	-0.01%
Oct 21, 2013 	1.2725 	1.2702 	1.2734 	1.2692 	0.06%
Oct 18, 2013 	1.2717 	1.2713 	1.2734 	1.2708 	0.06%
Oct 17, 2013 	1.2710 	1.2708 	1.2732 	1.2704 	-0.01%
Oct 16, 2013 	1.2711 	1.2705 	1.2724 	1.2682 	0.06%
Oct 15, 2013 	1.2703 	1.2699 	1.2715 	1.2679 	0.03%
Oct 14, 2013 	1.2699 	1.2656 	1.2709 	1.2653 	0.25%
Oct 11, 2013 	1.2667 	1.2682 	1.2695 	1.2658 	-0.12%
Oct 10, 2013 	1.2682 	1.2670 	1.2692 	1.2659 	0.09%
Oct 09, 2013 	1.2670 	1.2671 	1.2680 	1.2655 	0.00%
Oct 08, 2013 	1.2670 	1.2671 	1.2682 	1.2657 	-0.01%
Oct 07, 2013 	1.2671 	1.2682 	1.2689 	1.2657 	-0.01%
Oct 04, 2013 	1.2672 	1.2665 	1.2700 	1.2657 	0.06%
Oct 03, 2013 	1.2665 	1.2670 	1.2682 	1.2657 	-0.04%
Oct 02, 2013 	1.2670 	1.2670 	1.2682 	1.2657 	-0.02%
Oct 01, 2013 	1.2672 	1.2670 	1.2680 	1.2656 	0.02%
Sep 30, 2013 	1.2670 	1.2646 	1.2682 	1.2643 	-0.02%
Sep 27, 2013 	1.2673 	1.2668 	1.2688 	1.2661 	0.05%
Sep 26, 2013 	1.2667 	1.2668 	1.2682 	1.2654 	-0.01%
Sep 25, 2013 	1.2668 	1.2669 	1.2680 	1.2657 	0.00%
Sep 24, 2013 	1.2668 	1.2666 	1.2678 	1.2657 	-0.01%
Sep 23, 2013 	1.2669 	1.2676 	1.2684 	1.2654 	0.00%
Sep 20, 2013 	1.2669 	1.2668 	1.2676 	1.2653 	0.02%
Sep 19, 2013 	1.2667 	1.2667 	1.2683 	1.2658 	0.01%
Sep 18, 2013 	1.2666 	1.2667 	1.2689 	1.2640 	-0.01%
Sep 17, 2013 	1.2667 	1.2667 	1.2678 	1.2658 	-0.02%
Sep 16, 2013 	1.2670 	1.2741 	1.2753 	1.2659 	-0.02%
Sep 13, 2013 	1.2672 	1.2676 	1.2684 	1.2647 	-0.04%
Sep 12, 2013 	1.2677 	1.2673 	1.2690 	1.2663 	0.03%
Sep 11, 2013 	1.2673 	1.2673 	1.2686 	1.2653 	0.00%
Sep 10, 2013 	1.2673 	1.2672 	1.2680 	1.2656 	0.02%
Sep 09, 2013 	1.2670 	1.2663 	1.2685 	1.2490 	0.01%
Sep 06, 2013 	1.2669 	1.2672 	1.2683 	1.2659 	-0.02%
Sep 05, 2013 	1.2672 	1.2672 	1.2686 	1.2660 	0.00%
Sep 04, 2013 	1.2672 	1.2671 	1.2682 	1.2662 	0.01%
Sep 03, 2013 	1.2671 	1.2672 	1.2682 	1.2648 	-0.01%
Sep 02, 2013 	1.2672 	1.2664 	1.2688 	1.2515 	-0.04%
Aug 30, 2013 	1.2677 	1.2669 	1.2682 	1.2653 	0.08%
Aug 29, 2013 	1.2667 	1.2665 	1.2681 	1.2651 	0.02%
Aug 28, 2013 	1.2665 	1.2669 	1.2682 	1.2653 	-0.04%
Aug 27, 2013 	1.2670 	1.2670 	1.2682 	1.2658 	-0.01%
Aug 26, 2013 	1.2671 	1.2677 	1.2681 	1.2659 	0.00%
Aug 23, 2013 	1.2671 	1.2670 	1.2690 	1.2657 	0.01%
Aug 22, 2013 	1.2670 	1.2665 	1.2690 	1.2656 	0.04%
Aug 21, 2013 	1.2665 	1.2663 	1.2685 	1.2640 	0.01%
Aug 20, 2013 	1.2664 	1.2665 	1.2676 	1.2650 	-0.01%
Aug 19, 2013 	1.2665 	1.2680 	1.2690 	1.2653 	-0.09%
Aug 16, 2013 	1.2677 	1.2690 	1.2694 	1.2671 	-0.11%
Aug 15, 2013 	1.2691 	1.2672 	1.2706 	1.2669 	0.15%
Aug 14, 2013 	1.2672 	1.2669 	1.2685 	1.2659 	0.03%
Aug 13, 2013 	1.2668 	1.2666 	1.2679 	1.2648 	0.02%
Aug 12, 2013 	1.2666 	1.2666 	1.2683 	1.2646 	-0.02%
Aug 09, 2013 	1.2668 	1.2670 	1.2687 	1.2658 	-0.03%
Aug 08, 2013 	1.2672 	1.2677 	1.2694 	1.2663 	-0.03%
Aug 07, 2013 	1.2676 	1.2666 	1.2687 	1.2662 	0.07%
Aug 06, 2013 	1.2667 	1.2667 	1.2683 	1.2657 	-0.01%
Aug 05, 2013 	1.2668 	1.2728 	1.2730 	1.2640 	0.10%
Aug 02, 2013 	1.2655 	1.2652 	1.2689 	1.2634 	0.02%
Aug 01, 2013 	1.2652 	1.2654 	1.2666 	1.2613 	-0.02%
Jul 31, 2013 	1.2654 	1.2655 	1.2686 	1.2624 	-0.01%
Jul 30, 2013 	1.2655 	1.2650 	1.2661 	1.2636 	0.04%
Jul 29, 2013 	1.2650 	1.2660 	1.2667 	1.2639 	-0.04%
Jul 26, 2013 	1.2655 	1.2642 	1.2661 	1.2628 	0.09%
Jul 25, 2013 	1.2643 	1.2638 	1.2655 	1.2630 	0.06%
Jul 24, 2013 	1.2636 	1.2638 	1.2685 	1.2630 	-0.02%
Jul 23, 2013 	1.2639 	1.2632 	1.2652 	1.2616 	0.06%
Jul 22, 2013 	1.2632 	1.2656 	1.2667 	1.2624 	-0.06%
Jul 19, 2013 	1.2640 	1.2632 	1.2649 	1.2624 	0.05%
Jul 18, 2013 	1.2634 	1.2640 	1.2649 	1.2601 	-0.04%
Jul 17, 2013 	1.2639 	1.2644 	1.2662 	1.2595 	-0.04%
Jul 16, 2013 	1.2644 	1.2644 	1.2658 	1.2620 	0.00%
Jul 15, 2013 	1.2644 	1.2632 	1.2669 	1.2614 	0.04%
Jul 12, 2013 	1.2639 	1.2634 	1.2658 	1.2601 	0.01%
Jul 11, 2013 	1.2638 	1.2639 	1.2668 	1.2632 	0.00%
Jul 10, 2013 	1.2638 	1.2652 	1.2677 	1.2605 	-0.10%
Jul 09, 2013 	1.2651 	1.2642 	1.2667 	1.2635 	0.09%
Jul 08, 2013 	1.2640 	1.2626 	1.2653 	1.2477 	-0.07%
Jul 05, 2013 	1.2649 	1.2657 	1.2666 	1.2592 	-0.07%
Jul 04, 2013 	1.2658 	1.2648 	1.2668 	1.2638 	0.07%
Jul 03, 2013 	1.2649 	1.2644 	1.2660 	1.2630 	0.04%
Jul 02, 2013 	1.2644 	1.2646 	1.2659 	1.2631 	-0.02%
Jul 01, 2013 	1.2646 	1.2630 	1.2657 	1.2630 	0.11%
Jun 28, 2013 	1.2632 	1.2614 	1.2650 	1.2612 	0.13%
Jun 27, 2013 	1.2615 	1.2624 	1.2630 	1.2582 	-0.07%
Jun 26, 2013 	1.2624 	1.2626 	1.2634 	1.2609 	-0.02%
Jun 25, 2013 	1.2626 	1.2632 	1.2635 	1.2600 	-0.05%
Jun 24, 2013 	1.2632 	1.2629 	1.2643 	1.2588 	-0.13%
Jun 21, 2013 	1.2648 	1.2649 	1.2664 	1.2615 	-0.02%
Jun 20, 2013 	1.2650 	1.2663 	1.2672 	1.2629 	-0.10%
Jun 19, 2013 	1.2663 	1.2659 	1.2672 	1.2636 	0.03%
Jun 18, 2013 	1.2659 	1.2669 	1.2676 	1.2645 	-0.09%
Jun 17, 2013 	1.2671 	1.2667 	1.2680 	1.2632 	0.13%
Jun 14, 2013 	1.2655 	1.2652 	1.2670 	1.2644 	0.02%
Jun 13, 2013 	1.2652 	1.2656 	1.2677 	1.2633 	-0.04%
Jun 12, 2013 	1.2657 	1.2662 	1.2670 	1.2644 	-0.04%
Jun 11, 2013 	1.2662 	1.2661 	1.2674 	1.2648 	0.02%
Jun 10, 2013 	1.2660 	1.2636 	1.2672 	1.2627 	0.06%
Jun 07, 2013 	1.2652 	1.2647 	1.2670 	1.2629 	0.03%
Jun 06, 2013 	1.2648 	1.2661 	1.2673 	1.2635 	-0.14%
Jun 05, 2013 	1.2666 	1.2657 	1.2694 	1.2653 	0.06%
Jun 04, 2013 	1.2658 	1.2660 	1.2679 	1.2650 	-0.02%
Jun 03, 2013 	1.2661 	1.2656 	1.2676 	1.2648 	0.07%
May 31, 2013 	1.2652 	1.2665 	1.2671 	1.2636 	-0.10%
May 30, 2013 	1.2665 	1.2673 	1.2683 	1.2652 	-0.06%
May 29, 2013 	1.2673 	1.2680 	1.2695 	1.2652 	-0.04%
May 28, 2013 	1.2678 	1.2686 	1.2694 	1.2669 	-0.07%
May 27, 2013 	1.2687 	1.2638 	1.2690 	1.2620 	0.22%
May 24, 2013 	1.2659 	1.2648 	1.2675 	1.2648 	0.09%
May 23, 2013 	1.2648 	1.2657 	1.2668 	1.2640 	-0.05%
May 22, 2013 	1.2654 	1.2650 	1.2675 	1.2637 	0.03%
May 21, 2013 	1.2650 	1.2649 	1.2668 	1.2635 	0.02%
May 20, 2013 	1.2648 	1.2642 	1.2662 	1.2591 	0.01%
May 17, 2013 	1.2647 	1.2625 	1.2652 	1.2619 	0.17%
May 16, 2013 	1.2625 	1.2628 	1.2645 	1.2613 	-0.02%
May 15, 2013 	1.2628 	1.2635 	1.2643 	1.2612 	-0.06%
May 14, 2013 	1.2635 	1.2623 	1.2649 	1.2621 	0.09%
May 13, 2013 	1.2624 	1.2609 	1.2640 	1.2606 	-0.14%
May 10, 2013 	1.2642 	1.2653 	1.2666 	1.2625 	-0.08%
May 09, 2013 	1.2652 	1.2669 	1.2670 	1.2632 	-0.13%
May 08, 2013 	1.2669 	1.2609 	1.2669 	1.2604 	0.47%
May 07, 2013 	1.2610 	1.2580 	1.2622 	1.2576 	0.23%
May 06, 2013 	1.2581 	1.2606 	1.2625 	1.2542 	-0.19%
May 03, 2013 	1.2605 	1.2606 	1.2618 	1.2567 	-0.01%
May 02, 2013 	1.2606 	1.2585 	1.2621 	1.2575 	0.16%
May 01, 2013 	1.2586 	1.2586 	1.2599 	1.2572 	0.00%
Apr 30, 2013 	1.2586 	1.2587 	1.2603 	1.2578 	-0.02%
Apr 29, 2013 	1.2589 	1.2605 	1.2618 	1.2580 	-0.02%
Apr 26, 2013 	1.2592 	1.2579 	1.2609 	1.2529 	0.10%
Apr 25, 2013 	1.2580 	1.2564 	1.2594 	1.2562 	0.12%
Apr 24, 2013 	1.2565 	1.2566 	1.2578 	1.2540 	-0.02%
Apr 23, 2013 	1.2567 	1.2554 	1.2584 	1.2531 	0.10%
Apr 22, 2013 	1.2554 	1.2539 	1.2582 	1.2537 	-0.09%
Apr 19, 2013 	1.2565 	1.2498 	1.2578 	1.2497 	0.53%
Apr 18, 2013 	1.2499 	1.2577 	1.2584 	1.2494 	-0.60%
Apr 17, 2013 	1.2575 	1.2555 	1.2589 	1.2550 	0.16%
Apr 16, 2013 	1.2555 	1.2548 	1.2572 	1.2538 	0.06%
Apr 15, 2013 	1.2547 	1.2521 	1.2591 	1.2490 	0.11%
Apr 12, 2013 	1.2533 	1.2531 	1.2552 	1.2521 	0.02%
Apr 11, 2013 	1.2530 	1.2524 	1.2540 	1.2515 	0.04%
Apr 10, 2013 	1.2525 	1.2517 	1.2543 	1.2511 	0.06%
Apr 09, 2013 	1.2517 	1.2522 	1.2532 	1.2505 	-0.05%
Apr 08, 2013 	1.2523 	1.2590 	1.2597 	1.2503 	0.02%
Apr 05, 2013 	1.2521 	1.2517 	1.2552 	1.2508 	0.02%
Apr 04, 2013 	1.2518 	1.2517 	1.2533 	1.2496 	0.01%
Apr 03, 2013 	1.2517 	1.2523 	1.2530 	1.2508 	-0.04%
Apr 02, 2013 	1.2522 	1.2530 	1.2558 	1.2508 	-0.06%
Apr 01, 2013 	1.2530 	1.2488 	1.2548 	1.2455 	0.28%
Mar 29, 2013 	1.2495 	1.2490 	1.2512 	1.2472 	0.03%
Mar 28, 2013 	1.2491 	1.2488 	1.2505 	1.2481 	0.02%
Mar 27, 2013 	1.2488 	1.2496 	1.2504 	1.2481 	-0.05%
Mar 26, 2013 	1.2494 	1.2497 	1.2507 	1.2474 	-0.03%
Mar 25, 2013 	1.2498 	1.2567 	1.2592 	1.2484 	0.02%
Mar 22, 2013 	1.2496 	1.2492 	1.2508 	1.2484 	0.03%
Mar 21, 2013 	1.2492 	1.2493 	1.2507 	1.2473 	-0.02%
Mar 20, 2013 	1.2494 	1.2492 	1.2516 	1.2483 	0.02%
Mar 19, 2013 	1.2491 	1.2486 	1.2504 	1.2473 	0.04%
Mar 18, 2013 	1.2486 	1.2328 	1.2506 	1.2311 	-0.05%
Mar 15, 2013 	1.2492 	1.2481 	1.2507 	1.2472 	0.09%
Mar 14, 2013 	1.2481 	1.2485 	1.2494 	1.2466 	-0.02%
Mar 13, 2013 	1.2484 	1.2480 	1.2495 	1.2471 	0.02%
Mar 12, 2013 	1.2481 	1.2479 	1.2492 	1.2467 	0.03%
Mar 11, 2013 	1.2477 	1.2364 	1.2505 	1.2361 	-0.06%
Mar 08, 2013 	1.2485 	1.2464 	1.2492 	1.2447 	0.15%
Mar 07, 2013 	1.2466 	1.2470 	1.2486 	1.2456 	-0.03%
Mar 06, 2013 	1.2470 	1.2467 	1.2485 	1.2462 	0.02%
Mar 05, 2013 	1.2468 	1.2459 	1.2480 	1.2451 	0.07%
Mar 04, 2013 	1.2459 	1.2461 	1.2473 	1.2439 	-0.03%
Mar 01, 2013 	1.2463 	1.2461 	1.2476 	1.2451 	0.02%
Feb 28, 2013 	1.2461 	1.2457 	1.2477 	1.2447 	0.02%
Feb 27, 2013 	1.2459 	1.2457 	1.2470 	1.2446 	0.02%
Feb 26, 2013 	1.2456 	1.2448 	1.2470 	1.2437 	0.03%
Feb 25, 2013 	1.2452 	1.2462 	1.2487 	1.2247 	0.06%
Feb 22, 2013 	1.2445 	1.2430 	1.2454 	1.2416 	0.12%
Feb 21, 2013 	1.2430 	1.2426 	1.2441 	1.2267 	0.02%
Feb 20, 2013 	1.2427 	1.2422 	1.2443 	1.2412 	0.04%
Feb 19, 2013 	1.2422 	1.2413 	1.2436 	1.2408 	0.07%
Feb 18, 2013 	1.2413 	1.2450 	1.2457 	1.2410 	-0.25%
Feb 15, 2013 	1.2444 	1.2437 	1.2456 	1.2429 	0.06%
Feb 14, 2013 	1.2437 	1.2443 	1.2453 	1.2430 	-0.05%
Feb 13, 2013 	1.2443 	1.2443 	1.2454 	1.2424 	0.00%
Feb 12, 2013 	1.2443 	1.2438 	1.2455 	1.2430 	0.04%
Feb 11, 2013 	1.2438 	1.2402 	1.2453 	1.2401 	-0.03%
Feb 08, 2013 	1.2442 	1.2438 	1.2466 	1.2427 	0.03%
Feb 07, 2013 	1.2438 	1.2448 	1.2457 	1.2421 	-0.08%
Feb 06, 2013 	1.2448 	1.2454 	1.2455 	1.2430 	-0.05%
Feb 05, 2013 	1.2454 	1.2443 	1.2459 	1.2433 	0.09%
Feb 04, 2013 	1.2443 	1.2465 	1.2465 	1.2430 	-0.08%
Feb 01, 2013 	1.2453 	1.2470 	1.2478 	1.2444 	-0.14%
Jan 31, 2013 	1.2470 	1.2470 	1.2486 	1.2464 	0.00%
Jan 30, 2013 	1.2470 	1.2468 	1.2484 	1.2462 	0.02%
Jan 29, 2013 	1.2468 	1.2465 	1.2476 	1.2448 	0.02%
Jan 28, 2013 	1.2465 	1.2497 	1.2502 	1.2455 	0.01%
Jan 25, 2013 	1.2464 	1.2465 	1.2479 	1.2455 	-0.01%
Jan 24, 2013 	1.2465 	1.2467 	1.2496 	1.2453 	-0.02%
Jan 23, 2013 	1.2467 	1.2462 	1.2482 	1.2453 	0.04%
Jan 22, 2013 	1.2462 	1.2455 	1.2486 	1.2450 	0.06%
Jan 21, 2013 	1.2455 	1.2442 	1.2472 	1.2427 	-0.16%
Jan 18, 2013 	1.2475 	1.2465 	1.2488 	1.2462 	0.08%
Jan 17, 2013 	1.2465 	1.2470 	1.2484 	1.2458 	-0.04%
Jan 16, 2013 	1.2470 	1.2479 	1.2486 	1.2457 	-0.07%
Jan 15, 2013 	1.2479 	1.2463 	1.2488 	1.2462 	0.13%
Jan 14, 2013 	1.2463 	1.2572 	1.2613 	1.2455 	-0.08%
Jan 11, 2013 	1.2473 	1.2453 	1.2486 	1.2446 	0.16%
Jan 10, 2013 	1.2453 	1.2450 	1.2474 	1.2444 	0.02%
Jan 09, 2013 	1.2450 	1.2453 	1.2467 	1.2439 	-0.02%
Jan 08, 2013 	1.2453 	1.2444 	1.2464 	1.2432 	0.07%
Jan 07, 2013 	1.2444 	1.2503 	1.2504 	1.2405 	0.06%
Jan 04, 2013 	1.2436 	1.2436 	1.2452 	1.2430 	0.00%
Jan 03, 2013 	1.2436 	1.2445 	1.2453 	1.2419 	-0.07%
Jan 02, 2013 	1.2445 	1.2442 	1.2453 	1.2415 	0.02%
Jan 01, 2013 	1.2442 	1.2430 	1.2457 	1.2410 	0.10%
Dec 31, 2012 	1.2430 	1.2484 	1.2492 	1.2428 	-0.04%
Dec 28, 2012 	1.2435 	1.2434 	1.2450 	1.2426 	0.01%
Dec 27, 2012 	1.2434 	1.2435 	1.2442 	1.2416 	-0.01%
Dec 26, 2012 	1.2435 	1.2430 	1.2442 	1.2420 	0.04%
Dec 25, 2012 	1.2430 	1.2430 	1.2446 	1.2410 	0.00%
Dec 24, 2012 	1.2430 	1.2440 	1.2452 	1.2424 	-0.14%
Dec 21, 2012 	1.2447 	1.2433 	1.2454 	1.2426 	0.11%
Dec 20, 2012 	1.2433 	1.2440 	1.2452 	1.2427 	-0.06%
Dec 19, 2012 	1.2440 	1.2432 	1.2453 	1.2427 	0.06%
Dec 18, 2012 	1.2432 	1.2427 	1.2447 	1.2425 	0.04%
Dec 17, 2012 	1.2427 	1.2420 	1.2443 	1.2401 	0.09%
Dec 14, 2012 	1.2416 	1.2436 	1.2442 	1.2400 	-0.16%
Dec 13, 2012 	1.2436 	1.2397 	1.2446 	1.2390 	0.31%
Dec 12, 2012 	1.2397 	1.2405 	1.2431 	1.2379 	-0.06%
Dec 11, 2012 	1.2405 	1.2441 	1.2450 	1.2385 	-0.29%
Dec 10, 2012 	1.2441 	1.2415 	1.2486 	1.2404 	0.03%
Dec 07, 2012 	1.2437 	1.2436 	1.2451 	1.2427 	0.01%
Dec 06, 2012 	1.2436 	1.2448 	1.2457 	1.2432 	-0.10%
Dec 05, 2012 	1.2448 	1.2452 	1.2461 	1.2439 	-0.03%
Dec 04, 2012 	1.2452 	1.2446 	1.2460 	1.2437 	0.05%
Dec 03, 2012 	1.2446 	1.2437 	1.2486 	1.2434 	-0.02%
Nov 30, 2012 	1.2448 	1.2444 	1.2463 	1.2435 	0.03%
Nov 29, 2012 	1.2444 	1.2450 	1.2461 	1.2431 	-0.05%
Nov 28, 2012 	1.2450 	1.2452 	1.2462 	1.2435 	-0.02%
Nov 27, 2012 	1.2452 	1.2449 	1.2466 	1.2442 	0.02%
Nov 26, 2012 	1.2449 	1.2505 	1.2512 	1.2438 	0.03%
Nov 23, 2012 	1.2445 	1.2437 	1.2454 	1.2432 	0.06%
Nov 22, 2012 	1.2437 	1.2437 	1.2454 	1.2432 	0.00%
Nov 21, 2012 	1.2437 	1.2431 	1.2453 	1.2424 	0.05%
Nov 20, 2012 	1.2431 	1.2430 	1.2453 	1.2425 	0.01%
Nov 19, 2012 	1.2430 	1.2451 	1.2467 	1.2421 	-0.02%
Nov 16, 2012 	1.2433 	1.2437 	1.2444 	1.2420 	-0.03%
Nov 15, 2012 	1.2437 	1.2444 	1.2459 	1.2420 	-0.06%
Nov 14, 2012 	1.2444 	1.2456 	1.2464 	1.2440 	-0.10%
Nov 13, 2012 	1.2456 	1.2441 	1.2473 	1.2433 	0.12%
Nov 12, 2012 	1.2441 	1.2418 	1.2453 	1.2412 	0.27%
Nov 09, 2012 	1.2408 	1.2410 	1.2436 	1.2399 	-0.02%
Nov 08, 2012 	1.2410 	1.2407 	1.2428 	1.2403 	0.02%
Nov 07, 2012 	1.2407 	1.2410 	1.2425 	1.2399 	-0.02%
Nov 06, 2012 	1.2410 	1.2410 	1.2423 	1.2397 	0.00%
Nov 05, 2012 	1.2410 	1.2406 	1.2421 	1.2282 	-0.09%
Nov 02, 2012 	1.2421 	1.2418 	1.2437 	1.2397 	0.02%
Nov 01, 2012 	1.2418 	1.2426 	1.2430 	1.2390 	-0.06%
Oct 31, 2012 	1.2426 	1.2417 	1.2434 	1.2410 	0.07%
Oct 30, 2012 	1.2417 	1.2412 	1.2436 	1.2402 	0.04%
Oct 29, 2012 	1.2412 	1.2428 	1.2441 	1.2401 	0.06%
Oct 26, 2012 	1.2405 	1.2418 	1.2432 	1.2317 	-0.10%
Oct 25, 2012 	1.2418 	1.2405 	1.2427 	1.2401 	0.10%
Oct 24, 2012 	1.2405 	1.2402 	1.2415 	1.2388 	0.02%
Oct 23, 2012 	1.2402 	1.2396 	1.2413 	1.2385 	0.05%
Oct 22, 2012 	1.2396 	1.2391 	1.2434 	1.2381 	0.03%
Oct 19, 2012 	1.2392 	1.2395 	1.2410 	1.2383 	-0.02%
Oct 18, 2012 	1.2395 	1.2393 	1.2414 	1.2381 	0.02%
Oct 17, 2012 	1.2393 	1.2371 	1.2405 	1.2367 	0.18%
Oct 16, 2012 	1.2371 	1.2355 	1.2388 	1.2352 	0.13%
Oct 15, 2012 	1.2355 	1.2346 	1.2386 	1.2308 	-0.08%
Oct 12, 2012 	1.2365 	1.2354 	1.2387 	1.2347 	0.09%
Oct 11, 2012 	1.2354 	1.2339 	1.2360 	1.2323 	0.12%
Oct 10, 2012 	1.2339 	1.2336 	1.2351 	1.2319 	0.02%
Oct 09, 2012 	1.2336 	1.2337 	1.2342 	1.2317 	-0.01%
Oct 08, 2012 	1.2337 	1.2343 	1.2344 	1.2312 	-0.01%
Oct 05, 2012 	1.2338 	1.2337 	1.2354 	1.2323 	0.01%
Oct 04, 2012 	1.2337 	1.2338 	1.2351 	1.2328 	-0.01%
Oct 03, 2012 	1.2338 	1.2343 	1.2358 	1.2328 	-0.04%
Oct 02, 2012 	1.2343 	1.2341 	1.2349 	1.2329 	0.02%
Oct 01, 2012 	1.2341 	1.2232 	1.2525 	1.2226 	-0.02%
Sep 28, 2012 	1.2343 	1.2305 	1.2350 	1.2300 	0.31%
Sep 27, 2012 	1.2305 	1.2302 	1.2316 	1.2286 	0.02%
Sep 26, 2012 	1.2302 	1.2296 	1.2314 	1.2282 	0.05%
Sep 25, 2012 	1.2296 	1.2286 	1.2308 	1.2277 	0.08%
Sep 24, 2012 	1.2286 	1.2281 	1.2634 	1.2244 	-0.07%
Sep 21, 2012 	1.2294 	1.2297 	1.2308 	1.2282 	-0.02%
Sep 20, 2012 	1.2297 	1.2294 	1.2323 	1.2284 	0.02%
Sep 19, 2012 	1.2294 	1.2272 	1.2299 	1.2261 	0.18%
Sep 18, 2012 	1.2272 	1.2268 	1.2279 	1.2253 	0.03%
Sep 17, 2012 	1.2268 	1.2264 	1.2811 	1.2254 	-0.07%
Sep 14, 2012 	1.2277 	1.2249 	1.2292 	1.2243 	0.23%
Sep 13, 2012 	1.2249 	1.2257 	1.2282 	1.2223 	-0.07%
Sep 12, 2012 	1.2257 	1.2239 	1.2277 	1.2232 	0.15%
Sep 11, 2012 	1.2239 	1.2235 	1.2257 	1.2220 	0.03%
Sep 10, 2012 	1.2235 	1.2329 	1.2335 	1.2198 	0.07%
Sep 07, 2012 	1.2227 	1.2230 	1.2242 	1.2219 	-0.02%
Sep 06, 2012 	1.2230 	1.2219 	1.2251 	1.2212 	0.09%
Sep 05, 2012 	1.2219 	1.2228 	1.2229 	1.2195 	-0.07%
Sep 04, 2012 	1.2228 	1.2234 	1.2249 	1.2208 	-0.05%
Sep 03, 2012 	1.2234 	1.2215 	1.2269 	1.2201 	0.19%
Aug 31, 2012 	1.2211 	1.2215 	1.2281 	1.2204 	-0.03%
Aug 30, 2012 	1.2215 	1.2211 	1.2225 	1.2204 	0.03%
Aug 29, 2012 	1.2211 	1.2212 	1.2230 	1.2199 	-0.01%
Aug 28, 2012 	1.2212 	1.2196 	1.2220 	1.2190 	0.13%
Aug 27, 2012 	1.2196 	1.2187 	1.2210 	1.2178 	-0.11%
Aug 24, 2012 	1.2210 	1.2210 	1.2215 	1.2194 	0.00%
Aug 23, 2012 	1.2210 	1.2294 	1.2331 	1.2198 	-0.68%
Aug 22, 2012 	1.2294 	1.2205 	1.2304 	1.2195 	0.73%
Aug 21, 2012 	1.2205 	1.2194 	1.2228 	1.2192 	0.09%
Aug 20, 2012 	1.2194 	1.2194 	1.2208 	1.2185 	-0.09%
Aug 17, 2012 	1.2205 	1.2184 	1.2223 	1.2178 	0.17%
Aug 16, 2012 	1.2184 	1.2191 	1.2201 	1.2171 	-0.06%
Aug 15, 2012 	1.2191 	1.2202 	1.2208 	1.2179 	-0.09%
Aug 14, 2012 	1.2202 	1.2188 	1.2212 	1.2185 	0.11%
Aug 13, 2012 	1.2188 	1.2200 	1.2224 	1.2184 	-0.05%
Aug 10, 2012 	1.2194 	1.2196 	1.2211 	1.2179 	-0.02%
Aug 09, 2012 	1.2196 	1.2192 	1.2219 	1.2184 	0.03%
Aug 08, 2012 	1.2192 	1.2174 	1.2202 	1.2169 	0.15%
Aug 07, 2012 	1.2174 	1.2170 	1.2190 	1.2164 	0.03%
Aug 06, 2012 	1.2170 	1.2306 	1.2308 	1.2156 	0.01%
Aug 03, 2012 	1.2169 	1.2178 	1.2187 	1.2153 	-0.07%
Aug 02, 2012 	1.2178 	1.2178 	1.2208 	1.2154 	0.00%
Aug 01, 2012 	1.2178 	1.2188 	1.2194 	1.2154 	-0.08%
Jul 31, 2012 	1.2188 	1.2155 	1.2201 	1.2147 	0.27%
Jul 30, 2012 	1.2155 	1.2148 	1.2335 	1.2129 	-0.03%
Jul 27, 2012 	1.2159 	1.2148 	1.2181 	1.2138 	0.09%
Jul 26, 2012 	1.2148 	1.2150 	1.2167 	1.2138 	-0.02%
Jul 25, 2012 	1.2150 	1.2145 	1.2164 	1.2115 	0.04%
Jul 24, 2012 	1.2145 	1.2153 	1.2163 	1.2128 	-0.07%
Jul 23, 2012 	1.2153 	1.2132 	1.2159 	1.2112 	-0.07%
Jul 20, 2012 	1.2162 	1.2173 	1.2190 	1.2158 	-0.09%
Jul 19, 2012 	1.2173 	1.2179 	1.2187 	1.2154 	-0.05%
Jul 18, 2012 	1.2179 	1.2171 	1.2188 	1.2161 	0.07%
Jul 17, 2012 	1.2171 	1.2159 	1.2184 	1.2155 	0.10%
Jul 16, 2012 	1.2159 	1.2201 	1.2201 	1.2144 	-0.04%
Jul 13, 2012 	1.2164 	1.2176 	1.2178 	1.2148 	-0.10%
Jul 12, 2012 	1.2176 	1.2176 	1.2183 	1.2160 	0.00%
Jul 11, 2012 	1.2176 	1.2181 	1.2191 	1.2167 	-0.04%
Jul 10, 2012 	1.2181 	1.2169 	1.2196 	1.2162 	0.10%
Jul 09, 2012 	1.2169 	1.2076 	1.2202 	1.2076 	-0.13%
Jul 06, 2012 	1.2185 	1.2196 	1.2202 	1.2158 	-0.09%
Jul 05, 2012 	1.2196 	1.2222 	1.2226 	1.2181 	-0.21%
Jul 04, 2012 	1.2222 	1.2207 	1.2227 	1.2197 	0.12%
Jul 03, 2012 	1.2207 	1.2220 	1.2225 	1.2196 	-0.11%
Jul 02, 2012 	1.2220 	1.2282 	1.2284 	1.2163 	0.08%
Jun 29, 2012 	1.2210 	1.2205 	1.2250 	1.2190 	0.04%
Jun 28, 2012 	1.2205 	1.2206 	1.2219 	1.2184 	-0.01%
Jun 27, 2012 	1.2206 	1.2193 	1.2214 	1.2179 	0.11%
Jun 26, 2012 	1.2193 	1.2192 	1.2206 	1.2178 	0.01%
Jun 25, 2012 	1.2192 	1.2168 	1.2206 	1.2121 	-0.07%
Jun 22, 2012 	1.2200 	1.2191 	1.2203 	1.2175 	0.07%
Jun 21, 2012 	1.2191 	1.2200 	1.2207 	1.2174 	-0.07%
Jun 20, 2012 	1.2200 	1.2206 	1.2220 	1.2182 	-0.05%
Jun 19, 2012 	1.2206 	1.2206 	1.2223 	1.2186 	0.00%
Jun 18, 2012 	1.2206 	1.2275 	1.2296 	1.2195 	0.12%
Jun 15, 2012 	1.2191 	1.2178 	1.2202 	1.2170 	0.11%
Jun 14, 2012 	1.2178 	1.2184 	1.2194 	1.2168 	-0.05%
Jun 13, 2012 	1.2184 	1.2174 	1.2193 	1.2167 	0.08%
Jun 12, 2012 	1.2174 	1.2188 	1.2191 	1.2161 	-0.11%
Jun 11, 2012 	1.2188 	1.2360 	1.2361 	1.2167 	0.06%
Jun 08, 2012 	1.2181 	1.2191 	1.2196 	1.2163 	-0.08%
Jun 07, 2012 	1.2191 	1.2194 	1.2210 	1.2175 	-0.02%
Jun 06, 2012 	1.2194 	1.2187 	1.2206 	1.2178 	0.06%
Jun 05, 2012 	1.2187 	1.2192 	1.2205 	1.2175 	-0.04%
Jun 04, 2012 	1.2192 	1.2148 	1.2212 	1.2135 	0.11%
Jun 01, 2012 	1.2179 	1.2192 	1.2205 	1.2169 	-0.11%
May 31, 2012 	1.2192 	1.2214 	1.2223 	1.2166 	-0.18%
May 30, 2012 	1.2214 	1.2228 	1.2237 	1.2190 	-0.11%
May 29, 2012 	1.2228 	1.2243 	1.2257 	1.2214 	-0.12%
May 28, 2012 	1.2243 	1.2229 	1.2339 	1.2179 	0.02%
May 25, 2012 	1.2240 	1.2243 	1.2248 	1.2215 	-0.02%
May 24, 2012 	1.2243 	1.2264 	1.2268 	1.2224 	-0.17%
May 23, 2012 	1.2264 	1.2280 	1.2291 	1.2241 	-0.13%
May 22, 2012 	1.2280 	1.2270 	1.2294 	1.2261 	0.08%
May 21, 2012 	1.2270 	1.2264 	1.2354 	1.2255 	0.02%
May 18, 2012 	1.2268 	1.2287 	1.2291 	1.2262 	-0.15%
May 17, 2012 	1.2287 	1.2286 	1.2300 	1.2253 	0.01%
May 16, 2012 	1.2286 	1.2292 	1.2303 	1.2274 	-0.05%
May 15, 2012 	1.2292 	1.2288 	1.2305 	1.2271 	0.03%
May 14, 2012 	1.2288 	1.2310 	1.2314 	1.2275 	-0.12%
May 11, 2012 	1.2303 	1.2297 	1.2314 	1.2279 	0.05%
May 10, 2012 	1.2297 	1.2309 	1.2312 	1.2284 	-0.10%
May 09, 2012 	1.2309 	1.2306 	1.2314 	1.2290 	0.02%
May 08, 2012 	1.2306 	1.2308 	1.2321 	1.2291 	-0.02%
May 07, 2012 	1.2308 	1.2151 	1.2317 	1.2149 	0.00%
May 04, 2012 	1.2308 	1.2313 	1.2318 	1.2296 	-0.04%
May 03, 2012 	1.2313 	1.2302 	1.2325 	1.2291 	0.09%
May 02, 2012 	1.2302 	1.2295 	1.2314 	1.2268 	0.06%
May 01, 2012 	1.2295 	1.2296 	1.2337 	1.2265 	-0.01%
Apr 30, 2012 	1.2296 	1.2288 	1.2309 	1.2279 	-0.04%
Apr 27, 2012 	1.2301 	1.2288 	1.2313 	1.2286 	0.11%
Apr 26, 2012 	1.2288 	1.2314 	1.2322 	1.2276 	-0.21%
Apr 25, 2012 	1.2314 	1.2305 	1.2320 	1.2294 	0.07%
Apr 24, 2012 	1.2305 	1.2293 	1.2313 	1.2292 	0.10%
Apr 23, 2012 	1.2293 	1.2289 	1.2311 	1.2265 	-0.02%
Apr 20, 2012 	1.2296 	1.2311 	1.2322 	1.2292 	-0.12%
Apr 19, 2012 	1.2311 	1.2307 	1.2330 	1.2295 	0.03%
Apr 18, 2012 	1.2307 	1.2319 	1.2330 	1.2298 	-0.10%
Apr 17, 2012 	1.2319 	1.2277 	1.2335 	1.2276 	0.34%
Apr 16, 2012 	1.2277 	1.2196 	1.2300 	1.2164 	-0.24%
Apr 13, 2012 	1.2306 	1.2316 	1.2330 	1.2300 	-0.08%
Apr 12, 2012 	1.2316 	1.2310 	1.2322 	1.2297 	0.05%
Apr 11, 2012 	1.2310 	1.2305 	1.2322 	1.2295 	0.04%
Apr 10, 2012 	1.2305 	1.2347 	1.2380 	1.2292 	-0.34%
Apr 09, 2012 	1.2347 	1.2322 	1.2368 	1.2279 	0.11%
Apr 06, 2012 	1.2333 	1.2302 	1.2348 	1.2292 	0.25%
Apr 05, 2012 	1.2302 	1.2331 	1.2338 	1.2286 	-0.24%
Apr 04, 2012 	1.2331 	1.2326 	1.2342 	1.2290 	0.04%
Apr 03, 2012 	1.2326 	1.2334 	1.2341 	1.2314 	-0.06%
Apr 02, 2012 	1.2334 	1.2342 	1.2342 	1.2317 	0.02%
Mar 30, 2012 	1.2332 	1.2309 	1.2339 	1.2305 	0.19%
Mar 29, 2012 	1.2309 	1.2321 	1.2324 	1.2295 	-0.10%
Mar 28, 2012 	1.2321 	1.2312 	1.2328 	1.2296 	0.07%
Mar 27, 2012 	1.2312 	1.2303 	1.2325 	1.2293 	0.07%
Mar 26, 2012 	1.2303 	1.2370 	1.2370 	1.2292 	-0.14%
Mar 23, 2012 	1.2320 	1.2325 	1.2350 	1.2304 	-0.04%
Mar 22, 2012 	1.2325 	1.2283 	1.2340 	1.2271 	0.34%
Mar 21, 2012 	1.2283 	1.2273 	1.2293 	1.2264 	0.08%
Mar 20, 2012 	1.2273 	1.2273 	1.2298 	1.2266 	0.00%
Mar 19, 2012 	1.2273 	1.2284 	1.2293 	1.2267 	-0.08%
Mar 16, 2012 	1.2283 	1.2265 	1.2295 	1.2256 	0.15%
Mar 15, 2012 	1.2265 	1.2262 	1.2274 	1.2248 	0.02%
Mar 14, 2012 	1.2262 	1.2265 	1.2270 	1.2228 	-0.02%
Mar 13, 2012 	1.2265 	1.2264 	1.2282 	1.2248 	0.01%
Mar 12, 2012 	1.2264 	1.2290 	1.2290 	1.2251 	-0.21%
Mar 09, 2012 	1.2290 	1.2286 	1.2306 	1.2276 	0.03%
Mar 08, 2012 	1.2286 	1.2301 	1.2306 	1.2268 	-0.12%
Mar 07, 2012 	1.2301 	1.2316 	1.2346 	1.2292 	-0.12%
Mar 06, 2012 	1.2316 	1.2311 	1.2318 	1.2295 	0.04%
Mar 05, 2012 	1.2311 	1.2303 	1.2331 	1.2297 	-0.05%
Mar 02, 2012 	1.2317 	1.2317 	1.2328 	1.2303 	0.00%
Mar 01, 2012 	1.2317 	1.2323 	1.2331 	1.2299 	-0.05%
Feb 29, 2012 	1.2323 	1.2314 	1.2333 	1.2304 	0.07%
Feb 28, 2012 	1.2314 	1.2310 	1.2322 	1.2297 	0.03%
Feb 27, 2012 	1.2310 	1.2332 	1.2332 	1.2293 	-0.04%
Feb 24, 2012 	1.2315 	1.2310 	1.2327 	1.2303 	0.04%
Feb 23, 2012 	1.2310 	1.2323 	1.2325 	1.2302 	-0.11%
Feb 22, 2012 	1.2323 	1.2316 	1.2328 	1.2305 	0.06%
Feb 21, 2012 	1.2316 	1.2310 	1.2370 	1.2278 	0.05%
Feb 20, 2012 	1.2310 	1.2385 	1.2385 	1.2290 	0.02%
Feb 17, 2012 	1.2308 	1.2301 	1.2324 	1.2296 	0.06%
Feb 16, 2012 	1.2301 	1.2308 	1.2319 	1.2293 	-0.06%
Feb 15, 2012 	1.2308 	1.2308 	1.2326 	1.2294 	0.00%
Feb 14, 2012 	1.2308 	1.2314 	1.2322 	1.2296 	-0.05%
Feb 13, 2012 	1.2314 	1.2343 	1.2365 	1.2303 	0.05%
Feb 10, 2012 	1.2308 	1.2316 	1.2330 	1.2295 	-0.06%
Feb 09, 2012 	1.2316 	1.2321 	1.2333 	1.2304 	-0.04%
Feb 08, 2012 	1.2321 	1.2295 	1.2330 	1.2289 	0.21%
Feb 07, 2012 	1.2295 	1.2283 	1.2314 	1.2277 	0.10%
Feb 06, 2012 	1.2283 	1.2318 	1.2324 	1.2254 	-0.53%
Feb 03, 2012 	1.2348 	1.2281 	1.2358 	1.2263 	0.55%
Feb 02, 2012 	1.2281 	1.2261 	1.2321 	1.2252 	0.16%
Feb 01, 2012 	1.2261 	1.2314 	1.2325 	1.2240 	-0.43%
Jan 31, 2012 	1.2314 	1.2260 	1.2330 	1.2256 	0.44%
Jan 30, 2012 	1.2260 	1.2257 	1.2279 	1.2210 	-0.06%
Jan 27, 2012 	1.2267 	1.2190 	1.2281 	1.2176 	0.63%
Jan 26, 2012 	1.2190 	1.2378 	1.2402 	1.2186 	-1.52%
Jan 25, 2012 	1.2378 	1.2286 	1.2389 	1.2242 	0.75%
Jan 24, 2012 	1.2286 	1.2241 	1.2290 	1.2210 	0.37%
Jan 23, 2012 	1.2241 	1.2203 	1.2264 	1.2200 	-0.06%
Jan 20, 2012 	1.2248 	1.2315 	1.2334 	1.2232 	-0.54%
Jan 19, 2012 	1.2315 	1.2341 	1.2358 	1.2270 	-0.21%
Jan 18, 2012 	1.2341 	1.2303 	1.2343 	1.2276 	0.31%
Jan 17, 2012 	1.2303 	1.2290 	1.2357 	1.2276 	0.11%
Jan 16, 2012 	1.2290 	1.2279 	1.2315 	1.2260 	-0.09%
Jan 13, 2012 	1.2301 	1.2303 	1.2357 	1.2281 	-0.02%
Jan 12, 2012 	1.2303 	1.2337 	1.2344 	1.2283 	-0.28%
Jan 11, 2012 	1.2337 	1.2266 	1.2337 	1.2248 	0.58%
Jan 10, 2012 	1.2266 	1.2324 	1.2351 	1.2266 	-0.47%
Jan 09, 2012 	1.2324 	1.2257 	1.2328 	1.2257 	0.24%
Jan 06, 2012 	1.2295 	1.2328 	1.2335 	1.2285 	-0.27%
Jan 05, 2012 	1.2328 	1.2336 	1.2346 	1.2310 	-0.06%
Jan 04, 2012 	1.2336 	1.2337 	1.2338 	1.2336 	-0.01%
Jan 03, 2012 	1.2337 	1.2356 	1.2357 	1.2337 	-0.15%
Jan 02, 2012 	1.2356 	1.2314 	1.2356 	1.2306 	0.20%
Dec 30, 2011 	1.2331 	1.2304 	1.2331 	1.2292 	0.22%
Dec 29, 2011 	1.2304 	1.2306 	1.2309 	1.2304 	-0.02%
Dec 28, 2011 	1.2306 	1.2303 	1.2306 	1.2300 	0.02%
Dec 27, 2011 	1.2303 	1.2284 	1.2303 	1.2282 	0.15%
Dec 26, 2011 	1.2284 	1.2277 	1.2299 	1.2277 	0.01%
Dec 23, 2011 	1.2283 	1.2290 	1.2306 	1.2283 	-0.06%
Dec 22, 2011 	1.2290 	1.2279 	1.2290 	1.2279 	0.09%
Dec 21, 2011 	1.2279 	1.2279 	1.2280 	1.2278 	0.00%
Dec 20, 2011 	1.2279 	1.2271 	1.2279 	1.2270 	0.07%
Dec 19, 2011 	1.2271 	1.2262 	1.2271 	1.2261 	0.00%
Dec 16, 2011 	1.2271 	1.2222 	1.2271 	1.2205 	0.40%
Dec 15, 2011 	1.2222 	1.2225 	1.2232 	1.2222 	-0.02%
Dec 14, 2011 	1.2225 	1.2163 	1.2225 	1.2160 	0.51%
Dec 13, 2011 	1.2163 	1.2155 	1.2226 	1.2148 	0.07%
Dec 12, 2011 	1.2155 	1.2230 	1.2232 	1.2155 	-0.74%
Dec 09, 2011 	1.2246 	1.2245 	1.2246 	1.2244 	0.01%
Dec 08, 2011 	1.2245 	1.2225 	1.2245 	1.2223 	0.16%
Dec 07, 2011 	1.2225 	1.2219 	1.2225 	1.2218 	0.05%
Dec 06, 2011 	1.2219 	1.2148 	1.2219 	1.2146 	0.58%
Dec 05, 2011 	1.2148 	1.2239 	1.2241 	1.2148 	-0.59%
Dec 02, 2011 	1.2220 	1.2193 	1.2220 	1.2191 	0.22%
Dec 01, 2011 	1.2193 	1.2189 	1.2193 	1.2188 	0.03%
Nov 30, 2011 	1.2189 	1.2195 	1.2199 	1.2189 	-0.05%
Nov 29, 2011 	1.2195 	1.2158 	1.2195 	1.2155 	0.30%
Nov 28, 2011 	1.2158 	1.2274 	1.2275 	1.2158 	-0.40%
Nov 25, 2011 	1.2207 	1.2248 	1.2250 	1.2207 	-0.33%
Nov 24, 2011 	1.2248 	1.2260 	1.2261 	1.2248 	-0.10%
Nov 23, 2011 	1.2260 	1.2274 	1.2274 	1.2260 	-0.11%
Nov 22, 2011 	1.2274 	1.2208 	1.2274 	1.2208 	0.54%
Nov 21, 2011 	1.2208 	1.2266 	1.2273 	1.2208 	-0.44%
Nov 18, 2011 	1.2262 	1.2206 	1.2262 	1.2203 	0.46%
Nov 17, 2011 	1.2206 	1.2210 	1.2210 	1.2206 	-0.03%
Nov 16, 2011 	1.2210 	1.2246 	1.2249 	1.2210 	-0.29%
Nov 15, 2011 	1.2246 	1.2246 	1.2248 	1.2246 	0.00%
Nov 14, 2011 	1.2246 	1.2270 	1.2272 	1.2246 	0.11%
Nov 11, 2011 	1.2233 	1.2264 	1.2265 	1.2233 	-0.25%
Nov 10, 2011 	1.2264 	1.2197 	1.2264 	1.2196 	0.55%
Nov 09, 2011 	1.2197 	1.2274 	1.2274 	1.2197 	-0.63%
Nov 08, 2011 	1.2274 	1.2243 	1.2274 	1.2241 	0.25%
Nov 07, 2011 	1.2243 	1.2283 	1.2285 	1.2243 	-0.35%
Nov 04, 2011 	1.2286 	1.2259 	1.2286 	1.2253 	0.22%
Nov 03, 2011 	1.2259 	1.2183 	1.2259 	1.2180 	0.62%
Nov 02, 2011 	1.2183 	1.2200 	1.2232 	1.2183 	-0.14%
Nov 01, 2011 	1.2200 	1.2166 	1.2200 	1.2046 	0.28%
Oct 31, 2011 	1.2166 	1.2188 	1.2190 	1.2166 	-0.23%
Oct 28, 2011 	1.2194 	1.2239 	1.2243 	1.2194 	-0.37%
Oct 27, 2011 	1.2239 	1.2277 	1.2279 	1.2239 	-0.31%
Oct 26, 2011 	1.2277 	1.2212 	1.2277 	1.2211 	0.53%
Oct 25, 2011 	1.2212 	1.2188 	1.2212 	1.2165 	0.20%
Oct 24, 2011 	1.2188 	1.2165 	1.2198 	1.2164 	-0.16%
Oct 21, 2011 	1.2208 	1.2301 	1.2303 	1.2208 	-0.76%
Oct 20, 2011 	1.2301 	1.2182 	1.2301 	1.2181 	0.98%
Oct 19, 2011 	1.2182 	1.2196 	1.2197 	1.2182 	-0.11%
Oct 18, 2011 	1.2196 	1.2182 	1.2196 	1.2182 	0.11%
Oct 17, 2011 	1.2182 	1.2202 	1.2205 	1.2182 	-0.24%
Oct 14, 2011 	1.2211 	1.2202 	1.2211 	1.2200 	0.07%
Oct 13, 2011 	1.2202 	1.2210 	1.2214 	1.2202 	-0.07%
Oct 12, 2011 	1.2210 	1.2186 	1.2210 	1.2185 	0.20%
Oct 11, 2011 	1.2186 	1.2212 	1.2246 	1.2186 	-0.21%
Oct 10, 2011 	1.2212 	1.2170 	1.2212 	1.2168 	1.03%
Oct 07, 2011 	1.2087 	1.2226 	1.2241 	1.2087 	-1.14%
Oct 06, 2011 	1.2226 	1.2224 	1.2226 	1.2219 	0.02%
Oct 05, 2011 	1.2224 	1.2337 	1.2340 	1.2224 	-0.92%
Oct 04, 2011 	1.2337 	1.2134 	1.2337 	1.2133 	1.67%
Oct 03, 2011 	1.2134 	1.2121 	1.2134 	1.2120 	-0.08%
Sep 30, 2011 	1.2144 	1.2140 	1.2144 	1.2102 	0.03%
Sep 29, 2011 	1.2140 	1.2101 	1.2140 	1.2100 	0.32%
Sep 28, 2011 	1.2101 	1.2162 	1.2163 	1.2101 	-0.50%
Sep 27, 2011 	1.2162 	1.2173 	1.2173 	1.2162 	-0.09%
Sep 26, 2011 	1.2173 	1.2211 	1.2214 	1.2173 	-0.23%
Sep 23, 2011 	1.2201 	1.2266 	1.2266 	1.2201 	-0.53%
Sep 22, 2011 	1.2266 	1.2075 	1.2266 	1.2068 	1.58%
Sep 21, 2011 	1.2075 	1.2208 	1.2210 	1.2075 	-1.09%
Sep 20, 2011 	1.2208 	1.2184 	1.2208 	1.2182 	0.20%
Sep 19, 2011 	1.2184 	1.2126 	1.2184 	1.2115 	-0.34%
Sep 16, 2011 	1.2226 	1.2210 	1.2226 	1.2210 	0.13%
Sep 15, 2011 	1.2210 	1.2237 	1.2241 	1.2210 	-0.22%
Sep 14, 2011 	1.2237 	1.2191 	1.2237 	1.2148 	0.38%
Sep 13, 2011 	1.2191 	1.2219 	1.2220 	1.2191 	-0.23%
Sep 12, 2011 	1.2219 	1.2134 	1.2219 	1.2121 	0.16%
Sep 09, 2011 	1.2199 	1.2168 	1.2199 	1.2163 	0.25%
Sep 08, 2011 	1.2168 	1.2208 	1.2213 	1.2168 	-0.33%
Sep 07, 2011 	1.2208 	1.2210 	1.2210 	1.2207 	-0.02%
Sep 06, 2011 	1.2210 	1.2178 	1.2210 	1.2178 	0.26%
Sep 05, 2011 	1.2178 	1.2154 	1.2178 	1.2153 	-0.19%
Sep 02, 2011 	1.2201 	1.2186 	1.2201 	1.2186 	0.12%
Sep 01, 2011 	1.2186 	1.2175 	1.2186 	1.2174 	0.09%
Aug 31, 2011 	1.2175 	1.2220 	1.2222 	1.2175 	-0.37%
Aug 30, 2011 	1.2220 	1.2215 	1.2220 	1.2214 	0.04%
Aug 29, 2011 	1.2215 	1.2215 	1.2215 	1.2214 	-0.12%
Aug 26, 2011 	1.2230 	1.2204 	1.2230 	1.2204 	0.21%
Aug 25, 2011 	1.2204 	1.2213 	1.2216 	1.2204 	-0.07%
Aug 24, 2011 	1.2213 	1.2203 	1.2213 	1.2203 	0.08%
Aug 23, 2011 	1.2203 	1.2162 	1.2203 	1.2162 	0.34%
Aug 22, 2011 	1.2162 	1.2171 	1.2171 	1.2162 	-0.24%
Aug 19, 2011 	1.2191 	1.2186 	1.2191 	1.2186 	0.04%
Aug 18, 2011 	1.2186 	1.2200 	1.2206 	1.2186 	-0.11%
Aug 17, 2011 	1.2200 	1.2171 	1.2200 	1.2145 	0.24%
Aug 16, 2011 	1.2171 	1.2179 	1.2219 	1.2145 	-0.07%
Aug 15, 2011 	1.2179 	1.2238 	1.2240 	1.2179 	-0.24%
Aug 12, 2011 	1.2208 	1.2181 	1.2208 	1.2162 	0.22%
Aug 11, 2011 	1.2181 	1.2118 	1.2181 	1.2118 	0.52%
Aug 10, 2011 	1.2118 	1.2230 	1.2234 	1.2118 	-0.92%
Aug 09, 2011 	1.2230 	1.2077 	1.2230 	1.2072 	1.27%
Aug 08, 2011 	1.2077 	1.2253 	1.2295 	1.2077 	-1.28%
Aug 05, 2011 	1.2233 	1.2059 	1.2233 	1.2053 	1.44%
Aug 04, 2011 	1.2059 	1.2140 	1.2144 	1.2059 	-0.67%
Aug 03, 2011 	1.2140 	1.2103 	1.2140 	1.2102 	0.31%
Aug 02, 2011 	1.2103 	1.2165 	1.2166 	1.2098 	-0.51%
Aug 01, 2011 	1.2165 	1.2082 	1.2165 	1.2079 	0.40%
Jul 29, 2011 	1.2116 	1.2114 	1.2116 	1.2112 	0.02%
Jul 28, 2011 	1.2114 	1.2083 	1.2114 	1.2082 	0.26%
Jul 27, 2011 	1.2083 	1.2109 	1.2124 	1.2083 	-0.21%
Jul 26, 2011 	1.2109 	1.2103 	1.2109 	1.2100 	0.05%
Jul 25, 2011 	1.2103 	1.2054 	1.2103 	1.2048 	0.17%
Jul 22, 2011 	1.2082 	1.2105 	1.2105 	1.2082 	-0.19%
Jul 21, 2011 	1.2105 	1.2123 	1.2125 	1.2105 	-0.15%
Jul 20, 2011 	1.2123 	1.2075 	1.2123 	1.2074 	0.40%
Jul 19, 2011 	1.2075 	1.2120 	1.2121 	1.2075 	-0.37%
Jul 18, 2011 	1.2120 	1.3292 	1.3293 	1.2120 	0.07%
Jul 15, 2011 	1.2111 	1.2106 	1.2111 	1.2103 	0.04%
Jul 14, 2011 	1.2106 	1.1984 	1.2106 	1.1982 	1.02%
Jul 13, 2011 	1.1984 	1.2061 	1.2062 	1.1984 	-0.64%
Jul 12, 2011 	1.2061 	1.2046 	1.2061 	1.2046 	0.12%
Jul 11, 2011 	1.2046 	1.2001 	1.2046 	1.1951 	0.00%
Jul 08, 2011 	1.2046 	1.2049 	1.2055 	1.2046 	-0.02%
Jul 07, 2011 	1.2049 	1.2033 	1.2049 	1.2029 	0.13%
Jul 06, 2011 	1.2033 	1.2009 	1.2033 	1.2007 	0.20%
Jul 05, 2011 	1.2009 	1.2056 	1.2056 	1.2009 	-0.39%
Jul 04, 2011 	1.2056 	1.2083 	1.2083 	1.2056 	0.02%
Jul 01, 2011 	1.2053 	1.2040 	1.2053 	1.2039 	0.11%
Jun 30, 2011 	1.2040 	1.2067 	1.2068 	1.2040 	-0.22%
Jun 29, 2011 	1.2067 	1.2021 	1.2067 	1.2021 	0.38%
Jun 28, 2011 	1.2021 	1.2094 	1.2094 	1.2021 	-0.60%
Jun 27, 2011 	1.2094 	1.2018 	1.2094 	1.2007 	0.62%
Jun 24, 2011 	1.2020 	1.2123 	1.2125 	1.2020 	-0.85%
Jun 23, 2011 	1.2123 	1.1986 	1.2123 	1.1949 	1.14%
Jun 22, 2011 	1.1986 	1.2028 	1.2029 	1.1986 	-0.35%
Jun 21, 2011 	1.2028 	1.2076 	1.2078 	1.2028 	-0.40%
Jun 20, 2011 	1.2076 	1.1999 	1.2076 	1.1972 	0.35%
Jun 17, 2011 	1.2034 	1.2089 	1.2092 	1.2034 	-0.45%
Jun 16, 2011 	1.2089 	1.1990 	1.2089 	1.1947 	0.83%
Jun 15, 2011 	1.1990 	1.1985 	1.1990 	1.1984 	0.04%
Jun 14, 2011 	1.1985 	1.2044 	1.2054 	1.1985 	-0.49%
Jun 13, 2011 	1.2044 	1.1909 	1.2044 	1.1906 	0.39%
Jun 10, 2011 	1.1997 	1.2024 	1.2025 	1.1997 	-0.22%
Jun 09, 2011 	1.2024 	1.2026 	1.2026 	1.2024 	-0.02%
Jun 08, 2011 	1.2026 	1.2008 	1.2026 	1.2007 	0.15%
Jun 07, 2011 	1.2008 	1.1985 	1.2008 	1.1982 	0.19%
Jun 06, 2011 	1.1985 	1.2044 	1.2046 	1.1985 	-0.38%
Jun 03, 2011 	1.2031 	1.2044 	1.2045 	1.2031 	-0.11%
Jun 02, 2011 	1.2044 	1.1935 	1.2044 	1.1931 	0.91%
Jun 01, 2011 	1.1935 	1.2051 	1.2064 	1.1935 	-0.96%
May 31, 2011 	1.2051 	1.2049 	1.2051 	1.2046 	0.02%
May 30, 2011 	1.2049 	1.1987 	1.2049 	1.1963 	0.33%
May 27, 2011 	1.2009 	1.2034 	1.2130 	1.2009 	-0.21%
May 26, 2011 	1.2034 	1.1955 	1.2034 	1.1952 	0.66%
May 25, 2011 	1.1955 	1.1950 	1.1955 	1.1900 	0.04%
May 24, 2011 	1.1950 	1.1944 	1.1967 	1.1944 	0.05%
May 23, 2011 	1.1944 	1.1927 	1.1944 	1.1884 	-0.16%
May 20, 2011 	1.1963 	1.2015 	1.2015 	1.1963 	-0.43%
May 19, 2011 	1.2015 	1.1946 	1.2015 	1.1945 	0.58%
May 18, 2011 	1.1946 	1.2002 	1.2039 	1.1946 	-0.47%
May 17, 2011 	1.2002 	1.1890 	1.2002 	1.1889 	0.94%
May 16, 2011 	1.1890 	1.1900 	1.1902 	1.1890 	-0.42%
May 13, 2011 	1.1940 	1.1957 	1.1960 	1.1940 	-0.14%
May 12, 2011 	1.1957 	1.1925 	1.1957 	1.1915 	0.27%
May 11, 2011 	1.1925 	1.2002 	1.2003 	1.1925 	-0.64%
May 10, 2011 	1.2002 	1.2025 	1.2025 	1.2002 	-0.19%
May 09, 2011 	1.2025 	1.1878 	1.2025 	1.1869 	1.79%
May 06, 2011 	1.1814 	1.1953 	1.1953 	1.1814 	-1.16%
May 05, 2011 	1.1953 	1.1946 	1.1953 	1.1946 	0.06%
May 04, 2011 	1.1946 	1.1924 	1.1946 	1.1922 	0.18%
May 03, 2011 	1.1924 	1.1904 	1.1924 	1.1904 	0.17%
May 02, 2011 	1.1904 	1.1968 	1.1968 	1.1904 	-0.48%
Apr 29, 2011 	1.1962 	1.1998 	1.1999 	1.1962 	-0.30%
Apr 28, 2011 	1.1998 	1.2034 	1.2068 	1.1998 	-0.30%
Apr 27, 2011 	1.2034 	1.1975 	1.2034 	1.1973 	0.49%
Apr 26, 2011 	1.1975 	1.1941 	1.1975 	1.1932 	0.28%
Apr 25, 2011 	1.1941 	1.1969 	1.1970 	1.1941 	-0.05%
Apr 22, 2011 	1.1947 	1.1941 	1.1947 	1.1940 	0.05%
Apr 21, 2011 	1.1941 	1.1913 	1.1941 	1.1912 	0.24%
Apr 20, 2011 	1.1913 	1.1944 	1.1976 	1.1913 	-0.26%
Apr 19, 2011 	1.1944 	1.1939 	1.1944 	1.1938 	0.04%
Apr 18, 2011 	1.1939 	1.1867 	1.1939 	1.1848 	0.39%
Apr 15, 2011 	1.1893 	1.1935 	1.1936 	1.1893 	-0.35%
Apr 14, 2011 	1.1935 	1.1879 	1.1935 	1.1879 	0.47%
Apr 13, 2011 	1.1879 	1.1912 	1.1916 	1.1879 	-0.28%
Apr 12, 2011 	1.1912 	1.1855 	1.1912 	1.1842 	0.48%
Apr 11, 2011 	1.1855 	1.1926 	1.1926 	1.1855 	-0.65%
Apr 08, 2011 	1.1932 	1.1890 	1.1932 	1.1889 	0.35%
Apr 07, 2011 	1.1890 	1.1868 	1.1890 	1.1866 	0.19%
Apr 06, 2011 	1.1868 	1.1889 	1.1890 	1.1868 	-0.18%
Apr 05, 2011 	1.1889 	1.1878 	1.1889 	1.1877 	0.09%
Apr 04, 2011 	1.1878 	1.1901 	1.1902 	1.1878 	-0.14%
Apr 01, 2011 	1.1895 	1.1856 	1.1895 	1.1856 	0.33%
Mar 31, 2011 	1.1856 	1.1902 	1.1930 	1.1856 	-0.39%
Mar 30, 2011 	1.1902 	1.1905 	1.1906 	1.1902 	-0.03%
Mar 29, 2011 	1.1905 	1.1863 	1.1905 	1.1862 	0.35%
Mar 28, 2011 	1.1863 	1.1857 	1.1863 	1.1813 	-0.34%
Mar 25, 2011 	1.1904 	1.1871 	1.1904 	1.1870 	0.28%
Mar 24, 2011 	1.1871 	1.1873 	1.1876 	1.1871 	-0.02%
Mar 23, 2011 	1.1873 	1.1862 	1.1873 	1.1862 	0.09%
Mar 22, 2011 	1.1862 	1.1900 	1.1908 	1.1862 	-0.32%
Mar 22, 2011 	1.1862 	1.1900 	1.1908 	1.1862 	-0.32%
Mar 21, 2011 	1.1900 	1.1874 	1.1900 	1.1873 	0.13%
Mar 18, 2011 	1.1884 	1.1879 	1.1884 	1.1878 	0.04%
Mar 17, 2011 	1.1879 	1.1828 	1.1879 	1.1828 	0.43%
Mar 16, 2011 	1.1828 	1.1866 	1.1869 	1.1828 	-0.32%
Mar 15, 2011 	1.1866 	1.1864 	1.1866 	1.1863 	0.02%
Mar 14, 2011 	1.1864 	1.1921 	1.1924 	1.1864 	-0.19%
Mar 11, 2011 	1.1886 	1.1833 	1.1886 	1.1833 	0.45%
Mar 10, 2011 	1.1833 	1.1869 	1.1872 	1.1833 	-0.30%
Mar 09, 2011 	1.1869 	1.1846 	1.1869 	1.1840 	0.19%
Mar 08, 2011 	1.1846 	1.1867 	1.1868 	1.1846 	-0.18%
Mar 07, 2011 	1.1867 	1.1864 	1.1867 	1.1864 	0.03%
Mar 04, 2011 	1.1864 	1.1864 	1.1866 	1.1864 	0.00%
Mar 03, 2011 	1.1864 	1.1849 	1.1864 	1.1848 	0.13%
Mar 02, 2011 	1.1849 	1.1823 	1.1849 	1.1812 	0.22%
Mar 01, 2011 	1.1823 	1.1870 	1.1872 	1.1823 	-0.40%
Feb 28, 2011 	1.1870 	1.1844 	1.1870 	1.1843 	0.10%
Feb 25, 2011 	1.1858 	1.1880 	1.1881 	1.1858 	-0.19%
Feb 24, 2011 	1.1880 	1.1863 	1.1880 	1.1861 	0.14%
Feb 23, 2011 	1.1863 	1.1858 	1.1863 	1.1855 	0.04%
Feb 22, 2011 	1.1858 	1.1860 	1.1861 	1.1858 	-0.02%
Feb 21, 2011 	1.1860 	1.1881 	1.1881 	1.1860 	-0.05%
Feb 18, 2011 	1.1866 	1.1830 	1.1866 	1.1816 	0.30%
Feb 17, 2011 	1.1830 	1.1846 	1.1847 	1.1830 	-0.14%
Feb 16, 2011 	1.1846 	1.1832 	1.1846 	1.1826 	0.12%
Feb 15, 2011 	1.1832 	1.1827 	1.1832 	1.1826 	0.04%
Feb 14, 2011 	1.1827 	1.1822 	1.1827 	1.1821 	-0.25%
Feb 11, 2011 	1.1857 	1.1804 	1.1857 	1.1778 	0.45%
Feb 10, 2011 	1.1804 	1.1834 	1.1834 	1.1804 	-0.25%
Feb 09, 2011 	1.1834 	1.1824 	1.1834 	1.1821 	0.08%
Feb 08, 2011 	1.1824 	1.1890 	1.1924 	1.1824 	-0.56%
Feb 07, 2011 	1.1890 	1.1864 	1.1890 	1.1861 	0.13%
Feb 04, 2011 	1.1874 	1.1845 	1.1874 	1.1844 	0.24%
Feb 03, 2011 	1.1845 	1.1897 	1.1898 	1.1845 	-0.44%
Feb 02, 2011 	1.1897 	1.1838 	1.1897 	1.1836 	0.50%
Feb 01, 2011 	1.1838 	1.1800 	1.1838 	1.1799 	0.32%
Jan 31, 2011 	1.1800 	1.1810 	1.1811 	1.1800 	-0.36%
Jan 28, 2011 	1.1843 	1.1870 	1.1871 	1.1843 	-0.23%
Jan 27, 2011 	1.1870 	1.1844 	1.1870 	1.1844 	0.22%
Jan 26, 2011 	1.1844 	1.1872 	1.1874 	1.1844 	-0.24%
Jan 25, 2011 	1.1872 	1.1834 	1.1872 	1.1827 	0.32%
Jan 24, 2011 	1.1834 	1.1871 	1.1872 	1.1834 	-0.80%
Jan 21, 2011 	1.1930 	1.1792 	1.1930 	1.1791 	1.17%
Jan 20, 2011 	1.1792 	1.1777 	1.1792 	1.1777 	0.13%
Jan 19, 2011 	1.1777 	1.1799 	1.1804 	1.1777 	-0.19%
Jan 18, 2011 	1.1799 	1.1782 	1.1817 	1.1781 	0.14%
Jan 17, 2011 	1.1782 	1.1817 	1.1817 	1.1782 	-0.62%
Jan 14, 2011 	1.1856 	1.1757 	1.1856 	1.1753 	0.84%
Jan 13, 2011 	1.1757 	1.1828 	1.1832 	1.1757 	-0.60%
Jan 12, 2011 	1.1828 	1.1766 	1.1828 	1.1765 	0.53%
Jan 11, 2011 	1.1766 	1.1740 	1.1766 	1.1727 	0.22%
Jan 10, 2011 	1.1740 	1.1682 	1.1740 	1.1682 	0.40%
Jan 07, 2011 	1.1693 	1.1687 	1.1713 	1.1687 	0.05%
Jan 06, 2011 	1.1687 	1.1788 	1.1792 	1.1687 	-0.86%
Jan 05, 2011 	1.1788 	1.1764 	1.1788 	1.1739 	0.20%
Jan 04, 2011 	1.1764 	1.1782 	1.1784 	1.1746 	-0.15%
Jan 03, 2011 	1.1782 	1.1853 	1.1853 	1.1782 	-0.17%
Dec 31, 2010 	1.1802 	1.1818 	1.1881 	1.1802 	-0.14%
Dec 30, 2010 	1.1818 	1.1786 	1.1818 	1.1784 	0.27%
Dec 29, 2010 	1.1786 	1.1715 	1.1786 	1.1715 	0.61%
Dec 28, 2010 	1.1715 	1.1770 	1.1805 	1.1715 	-0.47%
Dec 27, 2010 	1.1770 	1.1705 	1.1770 	1.1705 	0.23%
Dec 24, 2010 	1.1743 	1.1725 	1.1743 	1.1719 	0.15%
Dec 23, 2010 	1.1725 	1.1724 	1.1747 	1.1724 	0.01%
Dec 22, 2010 	1.1724 	1.1637 	1.1724 	1.1637 	0.75%
Dec 21, 2010 	1.1637 	1.1650 	1.1655 	1.1637 	-0.11%
Dec 20, 2010 	1.1650 	1.1690 	1.1692 	1.1650 	-0.54%
Dec 17, 2010 	1.1713 	1.1695 	1.1713 	1.1695 	0.15%
Dec 16, 2010 	1.1695 	1.1606 	1.1700 	1.1604 	0.77%
Dec 15, 2010 	1.1606 	1.1651 	1.1651 	1.1606 	-0.39%
Dec 14, 2010 	1.1651 	1.1670 	1.1679 	1.1651 	-0.16%
Dec 13, 2010 	1.1670 	1.1648 	1.1670 	1.1647 	0.00%
Dec 10, 2010 	1.1670 	1.1711 	1.1735 	1.1670 	-0.35%
Dec 09, 2010 	1.1711 	1.1666 	1.1711 	1.1654 	0.39%
Dec 08, 2010 	1.1666 	1.1611 	1.1666 	1.1591 	0.47%
Dec 07, 2010 	1.1611 	1.1684 	1.1717 	1.1611 	-0.62%
Dec 06, 2010 	1.1684 	1.1694 	1.1703 	1.1684 	-0.11%
Dec 03, 2010 	1.1697 	1.1640 	1.1697 	1.1638 	0.49%
Dec 02, 2010 	1.1640 	1.1634 	1.1650 	1.1626 	0.05%
Dec 01, 2010 	1.1634 	1.1606 	1.1634 	1.1604 	0.24%
Nov 30, 2010 	1.1606 	1.1670 	1.1686 	1.1606 	-0.55%
Nov 29, 2010 	1.1670 	1.1644 	1.1670 	1.1641 	0.24%
Nov 26, 2010 	1.1642 	1.1684 	1.1689 	1.1642 	-0.36%
Nov 25, 2010 	1.1684 	1.1666 	1.1684 	1.1660 	0.15%
Nov 24, 2010 	1.1666 	1.1681 	1.1688 	1.1666 	-0.13%
Nov 23, 2010 	1.1681 	1.1662 	1.1681 	1.1661 	0.16%
Nov 22, 2010 	1.1662 	1.1759 	1.1772 	1.1662 	-0.34%
Nov 19, 2010 	1.1702 	1.1720 	1.1740 	1.1702 	-0.15%
Nov 18, 2010 	1.1720 	1.1673 	1.1720 	1.1669 	0.40%
Nov 17, 2010 	1.1673 	1.1663 	1.1677 	1.1658 	0.09%
Nov 16, 2010 	1.1663 	1.1634 	1.1663 	1.1631 	0.25%
Nov 15, 2010 	1.1634 	1.1672 	1.1673 	1.1634 	-0.33%
Nov 12, 2010 	1.1672 	1.1662 	1.1673 	1.1656 	0.09%
Nov 11, 2010 	1.1662 	1.1730 	1.1738 	1.1662 	-0.58%
Nov 10, 2010 	1.1730 	1.1590 	1.1730 	1.1584 	1.21%
Nov 09, 2010 	1.1590 	1.1542 	1.1590 	1.1536 	0.42%
Nov 08, 2010 	1.1542 	1.1661 	1.1673 	1.1542 	-0.76%
Nov 05, 2010 	1.1630 	1.1650 	1.1652 	1.1630 	-0.17%
Nov 04, 2010 	1.1650 	1.1689 	1.1692 	1.1650 	-0.33%
Nov 03, 2010 	1.1689 	1.1604 	1.1689 	1.1575 	0.73%
Nov 02, 2010 	1.1604 	1.1615 	1.1617 	1.1604 	-0.09%
Nov 01, 2010 	1.1615 	1.1692 	1.1703 	1.1615 	-0.42%
Oct 29, 2010 	1.1664 	1.1606 	1.1664 	1.1553 	0.50%
Oct 28, 2010 	1.1606 	1.1615 	1.1644 	1.1606 	-0.08%
Oct 27, 2010 	1.1615 	1.1625 	1.1631 	1.1615 	-0.09%
Oct 26, 2010 	1.1625 	1.1603 	1.1625 	1.1603 	0.19%
Oct 25, 2010 	1.1603 	1.1702 	1.1784 	1.1603 	-0.79%
Oct 22, 2010 	1.1695 	1.1622 	1.1695 	1.1621 	0.63%
Oct 21, 2010 	1.1622 	1.1685 	1.1687 	1.1622 	-0.54%
Oct 20, 2010 	1.1685 	1.1576 	1.1685 	1.1571 	0.94%
Oct 19, 2010 	1.1576 	1.1674 	1.1676 	1.1576 	-0.84%
Oct 18, 2010 	1.1674 	1.1640 	1.1674 	1.1575 	0.13%
Oct 15, 2010 	1.1659 	1.1635 	1.1659 	1.1633 	0.21%
Oct 14, 2010 	1.1635 	1.1662 	1.1662 	1.1635 	-0.23%
Oct 13, 2010 	1.1662 	1.1689 	1.1723 	1.1662 	-0.23%
Oct 12, 2010 	1.1689 	1.1578 	1.1689 	1.1559 	0.96%
Oct 11, 2010 	1.1578 	1.1690 	1.1691 	1.1578 	-0.53%
Oct 08, 2010 	1.1640 	1.1591 	1.1640 	1.1580 	0.42%
Oct 07, 2010 	1.1591 	1.1585 	1.1591 	1.1584 	0.05%
Oct 06, 2010 	1.1585 	1.1606 	1.1608 	1.1585 	-0.18%
Oct 05, 2010 	1.1606 	1.1555 	1.1606 	1.1555 	0.44%
Oct 04, 2010 	1.1555 	1.1614 	1.1615 	1.1555 	-0.62%
Oct 01, 2010 	1.1627 	1.1626 	1.1627 	1.1622 	0.01%
Sep 30, 2010 	1.1626 	1.1600 	1.1626 	1.1599 	0.22%
Sep 29, 2010 	1.1600 	1.1589 	1.1600 	1.1581 	0.09%
Sep 28, 2010 	1.1589 	1.1555 	1.1589 	1.1554 	0.29%
Sep 27, 2010 	1.1555 	1.1575 	1.1576 	1.1555 	-0.22%
Sep 24, 2010 	1.1581 	1.1541 	1.1581 	1.1531 	0.35%
Sep 23, 2010 	1.1541 	1.1575 	1.1579 	1.1541 	-0.29%
Sep 22, 2010 	1.1575 	1.1707 	1.1713 	1.1575 	-1.13%
Sep 21, 2010 	1.1707 	1.1560 	1.1707 	1.1560 	1.27%
Sep 20, 2010 	1.1560 	1.1550 	1.1560 	1.1549 	0.03%
Sep 17, 2010 	1.1556 	1.1540 	1.1556 	1.1540 	0.14%
Sep 16, 2010 	1.1540 	1.1527 	1.1540 	1.1507 	0.11%
Sep 15, 2010 	1.1527 	1.1501 	1.1527 	1.1485 	0.23%
Sep 14, 2010 	1.1501 	1.1466 	1.1514 	1.1465 	0.31%
Sep 13, 2010 	1.1466 	1.1500 	1.1536 	1.1466 	0.27%
Sep 10, 2010 	1.1435 	1.1430 	1.1435 	1.1428 	0.04%
Sep 09, 2010 	1.1430 	1.1438 	1.1441 	1.1430 	-0.07%
Sep 08, 2010 	1.1438 	1.1415 	1.1438 	1.1415 	0.20%
Sep 07, 2010 	1.1415 	1.1383 	1.1415 	1.1361 	0.28%
Sep 06, 2010 	1.1383 	1.1427 	1.1439 	1.1383 	-0.49%
Sep 03, 2010 	1.1439 	1.1407 	1.1439 	1.1405 	0.28%
Sep 02, 2010 	1.1407 	1.1399 	1.1407 	1.1398 	0.07%
Sep 01, 2010 	1.1399 	1.1397 	1.1399 	1.1394 	0.02%
Aug 31, 2010 	1.1397 	1.1418 	1.1419 	1.1397 	-0.18%
Aug 30, 2010 	1.1418 	1.1427 	1.1430 	1.1418 	-0.18%
Aug 27, 2010 	1.1439 	1.1430 	1.1439 	1.1429 	0.08%
Aug 26, 2010 	1.1430 	1.1455 	1.1456 	1.1430 	-0.22%
Aug 25, 2010 	1.1455 	1.1405 	1.1455 	1.1404 	0.44%
Aug 24, 2010 	1.1405 	1.1408 	1.1408 	1.1405 	-0.03%
Aug 23, 2010 	1.1408 	1.1467 	1.1482 	1.1408 	-0.62%
Aug 20, 2010 	1.1479 	1.1422 	1.1479 	1.1419 	0.50%
Aug 19, 2010 	1.1422 	1.1384 	1.1422 	1.1366 	0.33%
Aug 18, 2010 	1.1384 	1.1426 	1.1428 	1.1384 	-0.37%
Aug 17, 2010 	1.1426 	1.1408 	1.1426 	1.1407 	0.16%
Aug 16, 2010 	1.1408 	1.1434 	1.1436 	1.1408 	-0.19%
Aug 13, 2010 	1.1430 	1.1430 	1.1435 	1.1428 	0.00%
Aug 12, 2010 	1.1430 	1.1433 	1.1434 	1.1423 	-0.03%
Aug 11, 2010 	1.1433 	1.1517 	1.1519 	1.1433 	-0.73%
Aug 10, 2010 	1.1517 	1.1449 	1.1517 	1.1395 	0.59%
Aug 09, 2010 	1.1449 	1.1471 	1.1472 	1.1449 	-0.15%
Aug 06, 2010 	1.1466 	1.1489 	1.1502 	1.1466 	-0.20%
Aug 05, 2010 	1.1489 	1.1462 	1.1489 	1.1460 	0.24%
Aug 04, 2010 	1.1462 	1.1447 	1.1462 	1.1446 	0.13%
Aug 03, 2010 	1.1447 	1.1458 	1.1460 	1.1447 	-0.10%
Aug 02, 2010 	1.1458 	1.1459 	1.1461 	1.1458 	0.07%
Jul 30, 2010 	1.1450 	1.1465 	1.1465 	1.1450 	-0.16%
Jul 27, 2010 	1.1468 	1.1460 	1.1468 	1.1458 	0.07%
Jul 26, 2010 	1.1460 	1.1435 	1.1460 	1.1435 	-0.35%
Jul 23, 2010 	1.1500 	1.1480 	1.1500 	1.1475 	0.17%
Jul 22, 2010 	1.1480 	1.1417 	1.1480 	1.1417 	0.55%
Jul 21, 2010 	1.1417 	1.1471 	1.1474 	1.1417 	-0.47%
Jul 20, 2010 	1.1471 	1.1449 	1.1471 	1.1443 	0.19%
Jul 19, 2010 	1.1449 	1.1420 	1.1449 	1.1414 	-0.30%
Jul 16, 2010 	1.1484 	1.1484 	1.1485 	1.1483 	0.00%
Jul 15, 2010 	1.1484 	1.1491 	1.1492 	1.1484 	-0.06%
Jul 14, 2010 	1.1491 	1.1481 	1.1491 	1.1474 	0.09%
Jul 13, 2010 	1.1481 	1.1517 	1.1518 	1.1481 	-0.31%
Jul 12, 2010 	1.1517 	1.1465 	1.1517 	1.1431 	0.51%
Jul 09, 2010 	1.1459 	1.1522 	1.1522 	1.1459 	-0.55%
Jul 08, 2010 	1.1522 	1.1526 	1.1547 	1.1494 	-0.03%
Jul 07, 2010 	1.1526 	1.1464 	1.1526 	1.1442 	0.54%
Jul 06, 2010 	1.1464 	1.1478 	1.1497 	1.1464 	-0.12%
Jul 05, 2010 	1.1478 	1.1543 	1.1543 	1.1478 	-0.23%
Jul 02, 2010 	1.1505 	1.1525 	1.1526 	1.1505 	-0.17%
Jul 01, 2010 	1.1525 	1.1424 	1.1525 	1.1420 	0.88%
Jun 30, 2010 	1.1424 	1.1450 	1.1453 	1.1424 	-0.23%
Jun 29, 2010 	1.1450 	1.1422 	1.1450 	1.1402 	0.25%
Jun 28, 2010 	1.1422 	1.1503 	1.1509 	1.1422 	-0.54%
Jun 25, 2010 	1.1484 	1.1415 	1.1484 	1.1389 	0.60%
Jun 24, 2010 	1.1415 	1.1492 	1.1516 	1.1415 	-0.67%
Jun 23, 2010 	1.1492 	1.1387 	1.1492 	1.1385 	0.92%
Jun 22, 2010 	1.1387 	1.1376 	1.1387 	1.1353 	0.10%
Jun 21, 2010 	1.1376 	1.1424 	1.1425 	1.1376 	-0.39%
Jun 18, 2010 	1.1420 	1.1422 	1.1426 	1.1420 	-0.02%
Jun 17, 2010 	1.1422 	1.1378 	1.1422 	1.1355 	0.39%
Jun 16, 2010 	1.1378 	1.1393 	1.1393 	1.1378 	-0.13%
Jun 15, 2010 	1.1393 	1.1343 	1.1393 	1.1340 	0.44%
Jun 14, 2010 	1.1343 	1.1532 	1.1532 	1.1343 	-0.88%
Jun 11, 2010 	1.1444 	1.1424 	1.1444 	1.1423 	0.18%
Jun 10, 2010 	1.1424 	1.1367 	1.1424 	1.1365 	0.50%
Jun 09, 2010 	1.1367 	1.1391 	1.1393 	1.1367 	-0.21%
Jun 08, 2010 	1.1391 	1.1397 	1.1398 	1.1391 	-0.05%
Jun 07, 2010 	1.1397 	1.1349 	1.1397 	1.1347 	0.11%
Jun 04, 2010 	1.1384 	1.1396 	1.1397 	1.1384 	-0.11%
Jun 03, 2010 	1.1396 	1.1448 	1.1502 	1.1396 	-0.45%
Jun 02, 2010 	1.1448 	1.1389 	1.1448 	1.1363 	0.52%
Jun 01, 2010 	1.1389 	1.1400 	1.1403 	1.1389 	-0.10%
May 31, 2010 	1.1400 	1.1329 	1.1401 	1.1328 	0.76%
May 28, 2010 	1.1314 	1.1395 	1.1398 	1.1314 	-0.71%
May 27, 2010 	1.1395 	1.1358 	1.1403 	1.1357 	0.33%
May 26, 2010 	1.1358 	1.1469 	1.1472 	1.1358 	-0.97%
May 25, 2010 	1.1469 	1.1386 	1.1469 	1.1335 	0.73%
May 24, 2010 	1.1386 	1.1251 	1.1446 	1.1261 	-0.36%
May 21, 2010 	1.1427 	1.1584 	1.1669 	1.1427 	-1.36%
May 20, 2010 	1.1584 	1.1615 	1.1619 	1.1584 	-0.27%
May 19, 2010 	1.1615 	1.1230 	1.1616 	1.1230 	3.43%
May 18, 2010 	1.1230 	1.1485 	1.1486 	1.1230 	-2.22%
May 17, 2010 	1.1485 	1.1380 	1.1486 	1.1324 	0.83%
May 14, 2010 	1.1391 	1.1352 	1.1391 	1.1351 	0.34%
May 13, 2010 	1.1352 	1.1400 	1.1402 	1.1346 	-0.42%
May 12, 2010 	1.1400 	1.1328 	1.1401 	1.1318 	0.64%
May 11, 2010 	1.1328 	1.1286 	1.1328 	1.1272 	0.37%
May 10, 2010 	1.1286 	1.1368 	1.1368 	1.1285 	-0.72%
May 07, 2010 	1.1368 	1.1368 	1.1368 	1.1368 	0.00%
May 06, 2010 	1.1368 	1.1368 	1.1368 	1.1368 	0.00%
May 05, 2010 	1.1368 	1.1368 	1.1368 	1.1368 	0.00%
May 04, 2010 	1.1368 	1.1388 	1.1391 	1.1368 	-0.18%
May 03, 2010 	1.1388 	1.1376 	1.1388 	1.1374 	0.17%
Apr 30, 2010 	1.1369 	1.1389 	1.1389 	1.1369 	-0.18%
Apr 29, 2010 	1.1389 	1.1436 	1.1463 	1.1387 	-0.41%
Apr 28, 2010 	1.1436 	1.1327 	1.1437 	1.1325 	0.96%
Apr 27, 2010 	1.1327 	1.1425 	1.1425 	1.1327 	-0.86%
Apr 26, 2010 	1.1425 	1.1366 	1.1425 	1.1365 	0.40%
Apr 23, 2010 	1.1380 	1.1368 	1.1380 	1.1367 	0.11%
Apr 22, 2010 	1.1368 	1.1369 	1.1373 	1.1367 	0.01%
Mar 08, 2010 	1.1367 	1.1418 	1.1456 	1.1367 	-0.13%
Mar 05, 2010 	1.1382 	1.1390 	1.1404 	1.1362 	-0.03%
Mar 04, 2010 	1.1385 	1.1353 	1.1394 	1.1320 	0.26%
Mar 03, 2010 	1.1355 	1.1450 	1.1468 	1.1347 	-0.76%
Mar 02, 2010 	1.1442 	1.1416 	1.1442 	1.1366 	0.18%
Mar 01, 2010 	1.1422 	1.1415 	1.1427 	1.1315 	0.70%
Feb 26, 2010 	1.1343 	1.1425 	1.1482 	1.1322 	-0.67%
Feb 25, 2010 	1.1420 	1.1343 	1.1448 	1.1271 	0.69%
Feb 24, 2010 	1.1342 	1.1354 	1.1404 	1.1325 	-0.10%
Feb 23, 2010 	1.1353 	1.1388 	1.1410 	1.1334 	-0.26%
Feb 22, 2010 	1.1383 	1.1479 	1.1501 	1.1366 	-0.52%
Feb 19, 2010 	1.1443 	1.1296 	1.1443 	1.1283 	1.41%
Feb 18, 2010 	1.1284 	1.1352 	1.1418 	1.1284 	-0.52%
Feb 17, 2010 	1.1343 	1.1382 	1.1395 	1.1339 	-0.37%
Feb 16, 2010 	1.1385 	1.1365 	1.1407 	1.1359 	0.17%
Feb 15, 2010 	1.1366 	1.1375 	1.1378 	1.1335 	-0.12%
Feb 12, 2010 	1.1380 	1.1400 	1.1402 	1.1355 	-0.25%
Feb 11, 2010 	1.1408 	1.1400 	1.1437 	1.1362 	0.05%
Feb 10, 2010 	1.1402 	1.1367 	1.1402 	1.1337 	0.29%
Feb 09, 2010 	1.1369 	1.1345 	1.1418 	1.1339 	0.21%
Feb 08, 2010 	1.1345 	1.1407 	1.1422 	1.1335 	-0.75%
Feb 05, 2010 	1.1431 	1.1360 	1.1431 	1.1313 	0.60%
Feb 04, 2010 	1.1363 	1.1370 	1.1387 	1.1345 	-0.03%
Feb 03, 2010 	1.1366 	1.1387 	1.1395 	1.1359 	-0.21%
Feb 02, 2010 	1.1390 	1.1390 	1.1400 	1.1367 	-0.04%
Feb 01, 2010 	1.1394 	1.1299 	1.1403 	1.1287 	0.22%
Jan 29, 2010 	1.1369 	1.1365 	1.1392 	1.1331 	0.03%
Jan 28, 2010 	1.1366 	1.1370 	1.1390 	1.1312 	-0.03%
Jan 27, 2010 	1.1369 	1.1386 	1.1398 	1.1345 	-0.15%
Jan 26, 2010 	1.1386 	1.1358 	1.1404 	1.1301 	0.24%
Jan 25, 2010 	1.1359 	1.1389 	1.1402 	1.1354 	-0.09%
Jan 22, 2010 	1.1369 	1.1383 	1.1417 	1.1363 	-0.12%
Jan 21, 2010 	1.1383 	1.1392 	1.1415 	1.1357 	-0.08%
Jan 20, 2010 	1.1392 	1.1382 	1.1396 	1.1300 	0.11%
Jan 19, 2010 	1.1380 	1.1387 	1.1400 	1.1360 	-0.06%
Jan 18, 2010 	1.1387 	1.1352 	1.1387 	1.1328 	0.15%
Jan 15, 2010 	1.1370 	1.1382 	1.1383 	1.1312 	-0.11%
Jan 14, 2010 	1.1382 	1.1383 	1.1409 	1.1355 	-0.01%
Jan 13, 2010 	1.1383 	1.1318 	1.1385 	1.1304 	0.57%
Jan 12, 2010 	1.1318 	1.1337 	1.1366 	1.1292 	-0.17%
Jan 11, 2010 	1.1337 	1.1447 	1.1500 	1.1330 	-0.58%
Jan 08, 2010 	1.1403 	1.1359 	1.1423 	1.1337 	0.39%
Jan 07, 2010 	1.1359 	1.1351 	1.1382 	1.1330 	0.07%
Jan 06, 2010 	1.1351 	1.1338 	1.1378 	1.1302 	0.11%
Jan 05, 2010 	1.1338 	1.1385 	1.1421 	1.1327 	-0.40%
Jan 04, 2010 	1.1383 	1.1292 	1.1384 	1.1252 	0.29%
Jan 01, 2010 	1.1350 	1.1300 	1.1350 	1.1300 	0.44%
Dec 31, 2009 	1.1300 	1.1384 	1.1462 	1.1288 	-0.74%
Dec 30, 2009 	1.1384 	1.1345 	1.1398 	1.1319 	0.34%
Dec 29, 2009 	1.1345 	1.1338 	1.1364 	1.1324 	0.06%
Dec 28, 2009 	1.1338 	1.1334 	1.1363 	1.1322 	-0.14%
Dec 25, 2009 	1.1354 	1.1343 	1.1384 	1.1323 	0.12%
Dec 24, 2009 	1.1340 	1.1352 	1.1420 	1.1319 	-0.11%
Dec 23, 2009 	1.1352 	1.1370 	1.1387 	1.1345 	-0.16%
Dec 22, 2009 	1.1370 	1.1330 	1.1385 	1.1323 	0.35%
Dec 21, 2009 	1.1330 	1.1404 	1.1424 	1.1317 	-0.73%
Dec 18, 2009 	1.1413 	1.1380 	1.1429 	1.1353 	0.28%
Dec 17, 2009 	1.1381 	1.1316 	1.1393 	1.1198 	0.57%
Dec 16, 2009 	1.1316 	1.1378 	1.1395 	1.1300 	-0.55%
Dec 15, 2009 	1.1379 	1.1362 	1.1379 	1.1344 	0.14%
Dec 14, 2009 	1.1363 	1.1245 	1.1371 	1.1234 	-0.06%
Dec 11, 2009 	1.1370 	1.1359 	1.1370 	1.1344 	0.10%
Dec 10, 2009 	1.1359 	1.1364 	1.1380 	1.1334 	-0.04%
Dec 09, 2009 	1.1364 	1.1315 	1.1367 	1.1313 	0.43%
Dec 08, 2009 	1.1315 	1.1363 	1.1382 	1.1302 	-0.42%
Dec 07, 2009 	1.1363 	1.1338 	1.1398 	1.1329 	0.29%
Dec 04, 2009 	1.1330 	1.1339 	1.1362 	1.1306 	-0.08%
Dec 03, 2009 	1.1339 	1.1360 	1.1382 	1.1320 	-0.20%
Dec 02, 2009 	1.1362 	1.1368 	1.1378 	1.1336 	-0.05%
